{
"recette": "Fondant au chocolat",
"difficulté": "Facile",
"temps": {
	"preparation":{"unite": "min", "valeur": 15},
	"cuisson": {"unite": "min", "valeur": 17, "temperature": 180}
	},
"ingrédients": {
	"chocolat noir": {"unite": "g", "quantite": 200},
	"beurre": {"unite": "g", "quantite": 100},
	"sucre": {"unite": "g", "quantite": 100},
	"oeufs": {"unite": "", "quantite": 5},
	"farine": {"unite": "g", "quantite": 20}
	},
"étapes": [
	"Faire fondre le chocolat et le beurre au micro-onde",
	"Ajouter les jaunes d'oeufs et battre le tout",
	"Ajouter le sucre et la farine",
	"Incorporer les oeufs battus en neige ferme",
	"Faire cuire au four à 180°C pendant 17 minutes"
	]
}

