joueur,équipe,naissance,matchs joués,minutes jouées,buts,passes décisives,carton jaune,carton rouge
Ismael Aaneba,Strasbourg,1999,2,11,0,0,0,0
Yunis Abdelhamid,Reims,1987,28,2520,3,0,4,0
Mehdi Abeid,Nantes,1992,18,1320,0,0,5,0
Laurent Abergel,Lorient,1993,32,2423,3,1,5,0
Charles Abi,Saint-Étienne,2000,19,775,3,2,1,0
Pape Abou Cisse,Saint-Étienne,1995,10,900,0,0,1,0
Yacine Adli,Bordeaux,2000,29,1894,1,5,6,0
Nayef Aguerd,Rennes,1996,30,2700,3,1,4,0
Ruben Aguilar,Monaco,1993,28,1974,1,3,6,0
Matteo Ahlinvi,Nîmes,1999,15,807,2,0,0,0
Cheikh Ahmadou Dieng,Marseille,2000,3,119,0,0,0,0
Jean-Eudes Aholou,Monaco,1994,2,36,0,0,0,0
Jean-Eudes Aholou,Strasbourg,1994,22,1734,2,2,7,0
Rayan Aït Nouri,Angers,2001,3,187,0,1,0,0
Ludovic Ajorque,Strasbourg,1994,29,2463,12,4,5,0
Marley Aké,Marseille,2001,9,146,0,0,0,0
Sofiane Alakouch,Nîmes,1998,19,1291,0,2,4,0
Mohamed Ali Cho,Angers,2004,15,225,0,0,1,0
Rachid Alioui,Angers,1992,1,15,0,0,0,0
Saturnin Allagbé,Dijon,1993,6,540,0,0,2,0
Ibrahim Amadou,Angers,1993,21,1382,0,0,5,0
Romain Amalfitano,Dijon,1989,2,116,0,0,0,0
Jordan Amavi,Marseille,1994,11,740,1,0,3,1
Thierry Ambrose,Metz,1997,18,532,0,1,2,0
Joachim Andersen,Lyon,1996,3,192,0,0,1,0
Benjamin André,Lille,1990,30,2516,0,1,7,0
Victorien Angban,Metz,1996,24,1582,0,1,4,0
Houssem Aouar,Lyon,1998,24,1552,5,3,2,1
Adil Aouchiche,Saint-Étienne,2002,28,1497,2,5,2,0
Dennis Appiah,Nantes,1992,16,1059,0,2,3,0
Luiz Araújo,Lille,1996,22,1253,3,2,4,0
Karim Aribi,Nîmes,1994,12,292,0,0,0,0
Roger Assalé,Dijon,1993,15,688,1,1,0,1
Youcef Attal,Nice,1996,12,573,1,0,1,0
Jean-Kévin Augustin,Nantes,1997,3,36,0,0,0,0
Ludovic Baal,Brest,1986,5,287,0,0,0,0
Loïc Bade,Lens,2000,26,2160,0,0,8,1
Stéphane Bahoken,Angers,1992,24,1287,6,1,4,0
Stefan Bajic,Saint-Étienne,2001,1,90,0,0,0,0
Mitchel Bakker,Paris S-G,2000,23,1487,0,2,1,0
Dilane Bakwa,Bordeaux,2002,7,56,0,0,0,0
Leonardo Balerdi,Marseille,1999,15,1183,2,0,4,1
Fodé Ballo-Touré,Monaco,1997,19,612,0,3,2,0
Abdoulaye Bamba,Angers,1990,15,1257,0,0,2,0
Jonathan Bamba,Lille,1996,32,2613,6,9,2,0
Robson Bambu,Nice,1997,15,1046,0,0,3,1
Simon Banza,Lens,1996,30,1259,5,2,4,0
Danilo Barbosa,Nice,1996,4,250,0,0,2,0
Melvin Bard,Lyon,2000,13,342,0,0,0,1
Toma Bašić,Bordeaux,1996,29,2178,4,0,6,0
Cristian Battocchio,Brest,1992,15,355,0,0,0,0
Paul Baysse,Bordeaux,1988,27,2312,2,2,4,1
Haris Belkebla,Brest,1994,30,2335,0,0,5,1
Jean-Ricner Bellegarde,Strasbourg,1998,30,1755,1,1,3,0
Sami Ben Amar,Nîmes,1998,1,7,0,0,0,0
Hatem Ben Arfa,Bordeaux,1987,21,1572,2,4,2,0
Salim Ben Seghir,Nice,2003,1,7,0,0,0,0
Wissam Ben Yedder,Monaco,1990,31,2128,17,4,2,0
Samy Benchama,Montpellier,2000,1,3,0,0,0,0
Darío Benedetto,Marseille,1990,28,1489,4,3,3,2
Walter Benítez,Nice,1993,32,2880,0,0,3,0
Loris Benito,Bordeaux,1992,26,2201,0,0,5,1
Bilal Benkhedim,Saint-Étienne,2001,3,73,0,0,0,0
Djamel Benlamri,Lyon,1989,5,137,0,0,0,0
Yassine Benrahou,Nîmes,1999,21,1094,0,0,2,0
Yassine Benzia,Dijon,1994,5,249,0,0,1,0
Valon Berisha,Reims,1993,24,1645,0,3,2,0
Paul Bernardoni,Angers,1997,32,2880,0,0,1,0
Juan Bernat,Paris S-G,1993,3,194,0,0,2,0
Dimitry Bertaud,Montpellier,1998,6,475,0,0,0,0
Giulian Biancone,Monaco,2000,2,92,0,0,1,0
El Bilal Touré,Reims,2001,28,1008,3,1,4,0
Ludovic Blas,Nantes,1997,30,2265,7,2,4,0
Antonin Bobichon,Angers,1995,18,602,0,1,0,0
Sacha Boey,Rennes,2000,2,124,0,0,0,1
Sacha Boey,Dijon,2000,24,1863,0,1,1,0
Quentin Boisgard,Lorient,1997,23,1304,2,2,5,0
Sven Botman,Lille,2000,31,2769,0,0,2,0
Denis Bouanga,Saint-Étienne,1994,31,2342,6,3,7,0
Hicham Boudaoui,Nice,1999,19,1317,1,2,7,0
Ryad Boudebouz,Saint-Étienne,1990,13,640,0,1,2,0
Sofiane Boufal,Angers,1993,14,732,1,0,3,0
Farid Boulaya,Metz,1993,28,2458,5,5,5,0
Ismaëlben Boura,Lens,2000,15,645,0,0,1,0
Benjamin Bourigeaud,Rennes,1994,31,2069,5,3,7,0
John Boye,Metz,1987,30,2628,1,2,6,2
Umut Bozok,Lorient,1996,5,61,0,0,0,0
Domagoj Bradarić,Lille,1999,21,1202,1,2,4,0
Lilian Brassier,Brest,1999,8,720,1,1,3,0
Anthony Briançon,Nîmes,1994,16,1225,0,0,4,0
Jimmy Briand,Bordeaux,1985,23,564,1,2,2,0
Dylan Bronn,Metz,1995,32,2872,1,0,2,0
Lucas Buadés,Nîmes,1997,1,1,0,0,0,0
Patrick Burner,Nice,1996,1,1,0,0,0,0
Patrick Burner,Nîmes,1996,18,1163,0,0,0,0
Marcin Bułka,Paris S-G,1999,1,90,0,0,0,0
Jimmy Cabot,Angers,1994,17,744,1,1,1,0
Anthony Caci,Strasbourg,1997,27,2282,0,2,0,0
Mathieu Cafaro,Reims,1997,28,1926,4,2,3,0
Yannick Cahuzac,Lens,1985,25,1829,1,0,8,0
Marc-Aurèle Caillard,Metz,1994,5,361,0,0,1,0
Duje Ćaleta-Car,Marseille,1996,29,2483,2,1,8,1
Mahdi Camara,Saint-Étienne,1998,31,2750,3,1,3,0
Eduardo Camavinga,Rennes,2002,30,2028,1,1,5,0
Pierrick Capelle,Angers,1987,29,1523,3,3,2,0
Maxence Caqueret,Lyon,2000,24,1368,0,0,2,0
Irvin Cardona,Brest,1997,30,1765,7,1,2,0
Lionel Carole,Strasbourg,1991,23,1101,0,0,1,0
Moreto Cassamã,Reims,1998,24,1625,1,0,8,3
Jean-Charles Castelletto,Nantes,1995,19,1577,0,0,3,0
Zeki Çelik,Lille,1997,23,1857,2,1,5,0
Bersant Celina,Dijon,1996,28,1988,0,5,4,0
Fabien Centonze,Metz,1996,30,2681,0,0,8,0
Fouad Chafik,Dijon,1986,17,1095,0,0,4,0
Mehdi Chahiri,Strasbourg,1996,21,775,2,0,0,0
Aníbal Chalá,Dijon,1996,10,519,0,0,0,0
Trevoh Chalobah,Lorient,1999,23,1697,1,0,5,0
Gaëtan Charbonnier,Brest,1988,31,1137,4,1,3,0
Brendan Chardonnet,Brest,1994,27,2176,3,1,2,1
Xavier Chavalerin,Reims,1991,24,2011,0,2,8,0
Pape Cheikh Diop,Dijon,1997,21,1089,0,0,5,0
Rayan Cherki,Lyon,2003,23,554,0,1,1,1
Pedro Chirivella,Nantes,1997,26,1740,0,2,3,0
Joris Chotard,Montpellier,2001,24,947,0,0,2,0
Mounir Chouiar,Dijon,1999,20,1162,0,2,5,0
Sébastien Cibois,Brest,1998,3,270,0,0,0,0
Alexis Claude-Maurice,Nice,1998,25,1512,3,1,1,0
Jonathan Clauss,Lens,1992,27,2005,3,6,0,0
Marcus Coco,Nantes,1996,26,1390,0,2,4,0
Racine Coly,Nice,1995,1,17,0,0,0,0
Daniel Congré,Montpellier,1985,32,2849,2,0,4,0
Sébastien Corchia,Nantes,1990,19,1608,0,1,3,0
Maxwel Cornet,Lyon,1996,30,2006,2,5,5,0
David Pereira da Costa,Lens,2001,5,75,1,0,0,0
Benoît Costil,Bordeaux,1987,32,2880,0,0,0,0
Kalifa Coulibaly,Nantes,1991,11,525,0,0,1,0
Lassana Coulibaly,Angers,1996,27,1583,1,1,4,0
Senou Coulibaly,Dijon,1994,17,1484,2,0,5,1
Nicolas Cozza,Montpellier,1999,16,1030,0,0,2,0
Adrián Cubas,Nîmes,1996,24,1979,1,0,6,1
Mickaël Cuisance,Marseille,1999,22,949,2,1,3,0
Damien Da Silva,Rennes,1988,26,2307,4,0,7,0
Colin Dagba,Paris S-G,1998,20,1071,1,2,3,0
Flavius Daniliuc,Nice,2001,19,1314,1,0,0,0
Dante,Nice,1983,9,774,2,1,2,0
Jonathan David,Lille,2000,31,1934,10,1,0,0
Mattia De Sciglio,Lyon,1992,24,1153,0,0,4,0
Thibault De Smet,Reims,1998,7,406,0,0,2,0
Lucas Deaux,Nîmes,1988,20,1467,1,1,4,1
Mathieu Debuchy,Saint-Étienne,1985,21,1698,1,1,5,0
Romain Del Castillo,Rennes,1996,20,567,0,4,0,0
Thomas Delaine,Metz,1992,20,1454,3,1,4,0
Jonathan Delaplace,Lorient,1986,18,906,0,1,1,1
Andy Delort,Montpellier,1991,24,1960,11,8,4,0
Moussa Dembélé,Lyon,1996,16,677,1,0,3,0
Jason Denayer,Lyon,1995,27,2316,1,0,0,0
Kevin Denkey,Nîmes,2000,10,524,1,1,3,0
Memphis Depay,Lyon,1994,32,2486,16,9,4,0
Ángel Di María,Paris S-G,1988,22,1588,5,8,1,0
Boulaye Dia,Reims,1996,30,2420,14,1,2,0
Abdou Diallo,Paris S-G,1996,19,1274,0,1,3,2
Habib Diallo,Metz,1995,4,143,0,0,0,0
Habib Diallo,Strasbourg,1995,26,1874,8,3,1,0
Ibrahima Diallo,Brest,1999,5,440,0,0,1,0
Stéphane Diarra,Lorient,1998,11,183,0,0,1,0
Raphael Dias Belloli,Rennes,1996,6,404,1,2,0,0
Krepin Diatta,Monaco,1999,10,350,1,0,3,0
Tristan Dingomé,Reims,1991,1,15,0,0,0,0
Sinaly Diomande,Lyon,2001,23,964,0,0,3,0
Lois Diony,Angers,1992,30,1403,4,1,2,0
Sofiane Diop,Monaco,2000,31,1999,7,0,4,0
Yehvann Diouf,Reims,1999,2,135,0,0,0,0
Assane Dioussé,Saint-Étienne,1997,1,1,0,0,0,0
Axel Disasi,Monaco,1998,24,1780,3,0,4,2
Tiago Djaló,Lille,2000,16,783,0,0,4,1
Alexander Djiku,Strasbourg,1994,24,2012,0,0,6,0
Mihai Dobre,Dijon,1998,18,408,0,0,0,0
Jeremy Doku,Rennes,2002,24,1812,1,2,1,1
Kasper Dolberg,Nice,1997,19,1388,5,1,2,0
Keagan Dolly,Montpellier,1993,16,405,0,0,1,0
Anastasios Donis,Reims,1996,3,97,0,0,0,1
Lucas Douath,Saint-Étienne,2003,25,1048,0,0,7,0
Cheick Doucouré,Lens,2000,28,2208,2,1,8,0
Fodé Doucouré,Reims,2001,5,237,0,0,0,0
Moussa Doumbia,Reims,1994,21,777,0,1,1,0
Souleyman Doumbia,Angers,1996,26,2188,0,1,8,0
Mouhamadou Drammeh,Reims,1999,5,169,0,0,1,0
Julian Draxler,Paris S-G,1993,20,853,4,2,3,0
Matthieu Dreyer,Lorient,1989,14,1260,0,0,1,0
Leo Dubois,Lyon,1994,31,2455,2,3,3,0
Haris Duljević,Nîmes,1993,18,757,0,2,1,0
Jean-Kevin Duverne,Brest,1997,22,1720,1,0,4,0
Eric Junior Dina Ebimbe,Dijon,2000,27,1890,1,1,5,0
Enzo Ebosse,Angers,1999,6,260,0,0,1,0
Bruno Ecuele Manga,Dijon,1988,32,2880,2,0,2,0
Hugo Ekitike,Reims,2002,2,88,0,0,1,0
Niclas Eliasson,Nîmes,1995,24,1462,4,2,1,0
Sepe Elye Wahi,Montpellier,2003,14,417,3,0,0,0
Renaud Emond,Nantes,1991,18,327,2,0,1,0
Yoann Etienne,Lorient,1997,1,90,0,0,1,0
Fábio,Nantes,1990,20,1425,0,1,5,1
Cesc Fàbregas,Monaco,1987,18,792,2,3,2,0
Bandiougou Fadiga,Paris S-G,2001,6,63,0,0,1,0
Bandiougou Fadiga,Brest,2001,3,42,0,0,0,0
Wout Faes,Reims,1998,29,2561,1,0,11,1
Romain Faivre,Brest,1998,31,2455,5,4,0,0
Wuilker Faríñez,Lens,1998,1,6,0,0,0,0
Noah Fatar,Angers,2002,1,6,0,0,0,0
Julien Faussurier,Brest,1987,15,775,0,3,2,0
Zinedine Ferhat,Nîmes,1993,28,2513,4,8,2,0
Jordan Ferri,Montpellier,1992,31,2369,0,3,6,0
Alessandro Florenzi,Paris S-G,1991,18,1361,2,1,1,0
Mamadou Fofana,Metz,1998,15,1025,0,0,2,0
Seko Fofana,Lens,1995,25,1865,2,3,2,0
Wesley Fofana,Saint-Étienne,2000,4,315,0,0,1,0
Youssouf Fofana,Monaco,1999,29,2376,0,1,8,1
Thomas Foket,Reims,1994,31,2790,0,1,3,0
Lamine Fomba,Nîmes,1998,27,1797,0,0,7,0
Thomas Fontaine,Lorient,1991,4,320,0,0,0,0
José Fonte,Lille,1983,31,2735,3,0,6,0
Steven Fortes,Lens,1992,15,1175,0,0,4,0
Angelo Fulgini,Angers,1996,30,2476,5,3,4,0
Baptiste Gabard,Saint-Étienne,2000,2,133,0,0,1,0
Idrissa Gana Gueye,Paris S-G,1989,25,1482,2,1,3,0
Ignatius Ganago,Lens,1999,18,905,5,0,0,0
Yann Gboho,Rennes,2001,10,303,0,0,0,0
Valère Germain,Marseille,1990,24,857,3,0,1,0
Willem Geubbels,Monaco,2001,13,285,1,0,3,0
Andrei Girotto,Nantes,1992,29,2462,1,1,3,1
Aleksandr Golovin,Monaco,1996,16,754,4,8,1,0
Alfred Gomis,Dijon,1993,5,450,0,0,0,0
Alfred Gomis,Rennes,1993,16,1440,0,0,1,0
Vagner Gonçalves,Metz,1996,20,766,3,1,3,0
Álvaro González,Marseille,1990,27,2381,2,3,12,0
Amine Gouiri,Nice,2000,31,2552,12,6,5,0
Jonathan Gradit,Lens,1992,28,2373,0,1,9,1
Andrew Gravillon,Lorient,1998,24,2092,1,2,3,1
Adrian Grbić,Lorient,1996,28,917,4,0,1,0
Etienne Green,Saint-Étienne,2000,2,180,0,0,0,0
Clément Grenier,Rennes,1991,18,993,3,2,3,0
Evann Guessand,Nice,2001,3,29,0,0,0,0
Kelyan Guessoum,Nîmes,1999,12,928,0,0,2,0
Lamine Gueye,Metz,1998,22,1312,2,2,1,0
Pape Gueye,Marseille,1999,27,1665,2,0,10,1
Frederic Guilbert,Strasbourg,1994,8,708,1,3,2,0
Bruno Guimarães,Lyon,1997,27,1449,1,1,5,0
Sehrou Guirassy,Rennes,1996,22,1476,7,1,3,0
Malo Gusto,Lyon,2003,1,1,0,0,0,0
Massadio Haïdara,Lens,1992,22,1862,1,1,5,0
Pierre-Yves Hamel,Lorient,1994,19,805,4,2,4,0
Romain Hamouma,Saint-Étienne,1987,24,1486,4,1,5,0
Dalbert Henrique,Rennes,1993,8,271,0,0,2,0
Luis Henrique,Marseille,2001,13,388,0,4,0,0
Christophe Hérelle,Brest,1992,16,1377,0,0,4,0
Jérôme Hergault,Lorient,1986,16,1138,1,0,0,0
Ander Herrera,Paris S-G,1989,25,1391,1,1,2,0
Vitorino Hilton,Montpellier,1977,25,1809,0,0,3,2
Franck Honorat,Brest,1996,30,1919,8,4,3,0
Fraser Hornby,Reims,1999,3,35,0,0,1,0
Adrien Hunou,Rennes,1994,20,589,4,0,1,0
Didier Ibrahim Ndong,Dijon,1994,28,2520,0,1,7,0
Mauro Icardi,Paris S-G,1993,15,926,5,3,1,0
Jonathan Ikone,Lille,1998,31,1960,4,5,0,0
Yun Il-lok,Montpellier,1992,12,312,0,0,1,0
Corentin Jean,Lens,1995,18,437,1,1,3,0
Jesé,Paris S-G,1993,2,24,0,0,0,0
Stevan Jovetić,Monaco,1989,27,760,5,0,1,0
Abdoul Kader Bamba,Nantes,1994,28,892,3,1,2,0
Tino Kadewere,Lyon,1996,30,1901,10,3,3,0
Gaël Kakuta,Lens,1991,30,2135,10,5,2,0
Arnaud Kalimuendo,Paris S-G,2002,1,73,0,0,0,0
Arnaud Kalimuendo,Lens,2002,22,999,7,2,0,0
Samuel Kalu,Bordeaux,1997,18,869,4,1,3,0
Aboubakar Kamara,Dijon,1995,5,280,0,0,1,1
Bingourou Kamara,Strasbourg,1996,8,720,0,0,0,0
Boubacar Kamara,Marseille,1999,29,2443,0,2,6,0
Hassane Kamara,Nice,1994,30,2468,0,1,3,0
Wilfried Kanga,Angers,1998,2,132,0,0,0,0
Eiji Kawashima,Strasbourg,1983,22,1980,0,0,1,0
Moise Kean,Paris S-G,2000,22,1526,12,0,4,0
Thilo Kehrer,Paris S-G,1996,20,1274,0,0,2,0
Saîf-Eddine Khaoui,Marseille,1995,16,591,2,1,4,0
Wahbi Khazri,Saint-Étienne,1991,16,756,6,0,4,1
Presnel Kimpembe,Paris S-G,1995,23,1857,0,0,5,0
Randal Kolo Muani,Nantes,1998,31,2500,5,3,3,0
Timothée Kolodziejczak,Saint-Étienne,1991,21,1792,0,0,3,1
Ghislain Konan,Reims,1995,27,2253,2,1,4,0
Moussa Konaté,Dijon,1993,24,1008,5,0,4,0
Lamine Koné,Strasbourg,1989,13,862,1,0,2,0
Moussa Koné,Nîmes,1996,27,1271,6,0,0,0
Laurent Koscielny,Bordeaux,1985,24,2105,0,2,3,0
Boubakar Kouyaté,Metz,1997,21,1657,1,0,8,0
Jean-Philippe Krasso,Saint-Étienne,1997,6,223,0,0,0,0
Layvin Kurzawa,Paris S-G,1992,17,1161,1,1,3,1
Dereck Kutesa,Reims,1997,22,590,1,2,2,0
Enock Kwateng,Bordeaux,1997,14,678,0,0,3,0
Gaëtan Laborde,Montpellier,1994,32,2766,12,7,3,0
Tom Lacoux,Bordeaux,2002,8,171,0,0,0,0
Alban Lafont,Nantes,1999,32,2880,0,0,2,0
Kenny Lala,Strasbourg,1991,21,1834,3,2,1,0
Loïck Landre,Nîmes,1992,16,1266,1,0,2,1
Julien Laporte,Lorient,1993,25,2250,0,0,5,0
Gautier Larsonneur,Brest,1997,29,2610,0,0,1,0
Paul Lasne,Brest,1989,22,1681,0,0,4,1
Armand Lauriente,Lorient,1998,24,1439,3,3,4,0
Wesley Lautoa,Dijon,1987,24,1523,0,0,3,0
Jérémy Le Douaron,Brest,1998,23,688,1,2,0,0
Enzo Le Fée,Lorient,2000,30,1396,0,2,5,0
Vincent Le Goff,Lorient,1989,20,1766,0,0,0,0
Damien Le Tallec,Montpellier,1990,17,846,0,0,2,1
James Lea Siliki,Rennes,1996,7,255,0,0,0,0
Jean-Louis Leca,Lens,1985,32,2874,0,0,2,0
Benjamin Lecomte,Monaco,1991,22,1980,0,0,1,0
Pierre Lees-Melou,Nice,1993,24,1816,4,2,3,0
Fabien Lemoine,Lorient,1987,24,1469,0,0,6,0
Aaron Leya Iseka,Metz,1997,19,881,4,0,4,0
Dimitri Liénard,Strasbourg,1988,28,1353,1,3,2,0
Isaac Lihadji,Lille,2002,15,196,0,1,0,0
Pol Lirola,Marseille,1997,13,1016,0,0,1,0
Anthony Lopes,Lyon,1990,32,2880,0,0,1,0
Rony Lopes,Nice,1995,22,1365,2,1,1,0
Maxime Lopez,Marseille,1997,4,134,0,0,1,0
Dion Lopy,Reims,2002,1,3,0,0,0,0
Jordan Lotomba,Nice,1998,25,1892,1,0,5,0
Imran Louza,Nantes,1999,27,1847,5,1,3,1
Jean Lucas,Brest,1998,12,799,0,2,1,0
Jean Lucas,Lyon,1998,8,172,0,0,1,0
Florentino Luís,Monaco,1999,8,233,0,0,1,0
Yann M'Vila,Saint-Étienne,1990,1,20,0,0,0,0
Yvann Macon,Saint-Étienne,1998,6,539,1,1,2,0
Hugo Magnetti,Brest,1998,7,178,0,0,3,0
Hicham Mahou,Nice,1999,2,34,0,0,1,0
Habib Maïga,Metz,1996,25,2157,1,3,8,0
Mike Maignan,Lille,1995,32,2880,0,0,1,0
Josh Maja,Bordeaux,1998,17,804,2,0,2,0
Radosław Majecki,Monaco,1999,1,90,0,0,0,0
Abdul Majeed Waris,Strasbourg,1991,15,552,1,0,0,0
Marco Majouga,Nîmes,2001,7,105,0,0,0,0
Adilson Malanda,Nîmes,2001,1,19,0,0,0,0
Hianga Mananga Mbock,Brest,1999,10,451,0,0,1,0
Vincent Manceau,Angers,1989,22,1859,0,0,2,0
Steve Mandanda,Marseille,1985,31,2790,0,0,1,0
Reinildo Mandava,Lille,1994,23,1692,0,0,1,1
Thomas Mangani,Angers,1987,29,2178,3,3,3,0
Vito Mannone,Monaco,1988,9,810,0,0,0,0
Myziane Maolida,Nice,1999,18,993,3,1,2,0
Faitout Maouassa,Rennes,1998,19,959,0,1,4,0
Sekou Mara,Bordeaux,2002,3,27,0,0,0,0
Fernando Marçal,Lyon,1989,1,78,0,0,0,0
Marcelo,Lyon,1987,29,2458,2,0,6,1
Dario Maresic,Reims,1999,6,407,0,0,0,0
Jordan Marié,Dijon,1991,18,913,0,0,1,0
Guillermo Maripán,Monaco,1994,22,1577,5,1,4,0
Marquinhos,Paris S-G,1994,21,1768,1,1,1,0
Jonas Martin,Rennes,1990,12,482,0,0,3,0
Pablo Martinez,Nîmes,1989,7,540,0,1,1,0
Gelson Martins,Monaco,1995,19,1310,2,2,3,0
Sylvain Marveaux,Lorient,1986,9,200,0,0,0,0
Pape Matar Sarr,Metz,2002,16,1060,2,0,4,0
Eliot Matazo,Monaco,2002,7,200,0,1,0,1
Chrislain Matsima,Monaco,2002,8,351,0,0,2,0
Tony Mauricio,Lens,1994,22,447,0,3,3,0
Stephy Mavididi,Montpellier,1998,29,1601,9,0,3,0
Youssef Maziz,Metz,1998,9,206,0,0,1,0
Kylian Mbappé,Paris S-G,1998,27,2038,21,7,4,0
Nathanael Mbuku,Reims,2002,26,1769,2,1,3,0
Facundo Medina,Lens,1999,21,1770,2,0,9,0
Farid El Melali,Angers,1997,14,255,0,0,1,0
Birger Meling,Nîmes,1994,20,1788,2,3,3,0
Houboulang Mendes,Lorient,1998,17,1297,0,0,3,0
Pedro Mendes,Montpellier,1990,21,1574,2,0,5,0
Thiago Mendes,Lyon,1992,26,1956,0,1,5,1
Batista Mendy,Nantes,2000,2,76,0,0,0,0
Edouard Mendy,Rennes,1992,1,90,0,0,0,0
Mexer,Bordeaux,1988,5,407,0,0,1,0
Clément Michelin,Lens,1997,24,1040,0,4,1,1
Edouard Michut,Paris S-G,2003,1,2,0,0,0,0
Florian Miguel,Nîmes,1996,19,1358,0,0,3,2
Arkadiusz Milik,Marseille,1994,9,681,4,0,0,0
Enzo Millot,Monaco,2002,2,41,0,0,0,0
Stefan Mitrović,Strasbourg,1990,26,2244,1,0,3,1
Anthony Modeste,Saint-Étienne,1988,7,293,0,0,1,0
Terem Moffi,Lorient,1999,26,1591,9,2,1,0
Dion Moise Sahi,Strasbourg,2001,2,30,1,0,0,0
Florent Mollet,Montpellier,1991,30,2059,3,4,3,1
Thomas Monconduit,Lorient,1991,22,1061,1,0,4,0
Kévin Monnet-Paquet,Saint-Étienne,1988,13,464,0,0,0,0
Jérémy Morel,Lorient,1984,23,2043,0,0,1,0
Aimen Moueffek,Saint-Étienne,2001,16,668,0,0,3,0
Harold Moukoudi,Saint-Étienne,1997,22,1980,3,1,6,0
Jessy Moulin,Saint-Étienne,1986,29,2610,0,0,1,0
Steve Mounié,Brest,1994,30,2290,7,4,5,0
Samuel Moutoussamy,Nantes,1996,1,82,0,0,0,0
Loris Mouyokolo,Lorient,2001,1,19,0,0,0,0
Benoît Mukinayi,Monaco,2001,29,2448,2,1,3,0
Marshall Munetsi,Reims,1996,23,1568,1,0,5,1
Kévin N'Doram,Metz,1996,1,26,0,0,0,0
Stanley N'Soki,Nice,1999,15,1197,0,0,4,0
Yuto Nagatomo,Marseille,1986,21,1423,0,1,2,0
Kenny Nagera,Paris S-G,2002,1,2,0,0,0,0
Paul Nardi,Lorient,1994,18,1620,0,0,1,0
Keylor Navas,Paris S-G,1986,24,2070,0,0,0,0
Papa Ndiaga Yade,Metz,2000,23,772,3,4,3,0
Bridge Ndilu,Nantes,2000,6,42,0,0,1,0
Dan Ndoye,Nice,2000,24,506,1,1,0,0
Neymar,Paris S-G,1992,13,976,6,3,6,2
Yvan Neyou,Saint-Étienne,1997,27,2101,1,2,7,0
Muzinga Ngonda,Dijon,1994,27,2082,2,0,5,0
Ahmad Ngouyamsa,Dijon,2000,2,144,0,0,1,0
Opa Nguette,Metz,1994,16,1132,3,1,0,0
Ibrahima Niane,Metz,1999,6,471,6,0,0,0
M'Baye Niang,Rennes,1994,9,422,1,0,0,0
Casimir Ninga,Angers,1993,1,23,0,0,0,0
Arnaud Nordin,Saint-Étienne,1998,26,1412,3,4,1,0
Olivier Ntcham,Marseille,1996,4,120,0,0,0,0
Gerzino Nyamsi,Rennes,1997,11,687,0,0,1,0
Steven Nzonzi,Rennes,1988,29,2543,1,1,7,0
Jonas Omlin,Montpellier,1994,28,2403,0,0,0,1
Henry Onyekuru,Monaco,1997,4,140,0,1,0,0
Otávio,Bordeaux,1994,18,1559,1,0,6,0
Remi Oudin,Bordeaux,1996,32,2181,4,4,2,0
Alexandre Oukidja,Metz,1988,28,2518,0,0,3,1
Zinédine Ould Khaled,Angers,2000,1,10,0,0,0,0
Ambroise Oyongo,Montpellier,1991,13,558,1,1,1,0
Pablo,Bordeaux,1991,13,1076,1,0,5,0
Vincent Pajot,Metz,1990,12,914,0,0,3,0
Nicolas Pallois,Nantes,1987,26,2236,1,0,8,1
Jonathan Panzo,Dijon,2000,17,1416,0,0,4,0
Lucas Paquetá,Lyon,1997,24,1784,6,3,6,1
Gaëtan Paquiez,Nîmes,1994,13,874,0,0,0,0
Rubén Pardo,Bordeaux,1992,2,23,0,0,0,0
Leandro Paredes,Paris S-G,1994,19,1198,1,2,7,1
Mateo Pavlović,Angers,1990,9,663,0,0,2,0
Strahinja Pavlović,Monaco,2001,1,1,0,0,0,0
Dimitri Payet,Marseille,1987,27,1878,4,7,3,2
Yohann Pelé,Marseille,1982,1,90,0,0,0,0
Pietro Pellegri,Monaco,2001,14,220,1,0,2,0
Andy Pelmard,Nice,2000,17,1175,0,0,1,0
Timothee Pembele,Paris S-G,2002,5,378,1,0,1,0
Mathias Pereira Lage,Angers,1996,23,1187,3,0,3,0
Danilo Pereira,Paris S-G,1991,18,994,2,1,3,0
Manuel Perez,Lens,1991,4,128,0,0,1,0
Romain Perraud,Brest,1997,30,2600,3,5,4,0
Lucas Perrin,Marseille,1998,5,189,1,0,1,0
Rayan Philippe,Dijon,2000,4,93,0,0,0,0
Romain Philippoteaux,Nîmes,1988,3,214,1,1,0,0
Romain Philippoteaux,Brest,1988,16,579,1,0,0,0
Jérémy Pied,Lille,1989,5,302,0,0,1,0
Ronaël Pierre-Gabriel,Brest,1998,25,1956,1,0,4,0
Maxime Poundjé,Bordeaux,1992,12,323,0,0,0,0
Sanjin Prcić,Strasbourg,1993,12,343,0,0,1,0
Nicolas de Préville,Bordeaux,1991,29,1431,1,2,2,0
Anthony Racioppi,Dijon,1998,21,1890,0,0,0,0
Nemanja Radonjić,Marseille,1996,12,396,2,1,2,0
Aleksandar Radovanović,Lens,1993,1,90,0,0,0,0
Rafinha,Paris S-G,1993,18,1150,0,4,2,0
Predrag Rajković,Reims,1995,31,2745,0,0,2,0
Jeff Reine-Adélaïde,Nice,1998,14,1058,1,2,1,0
Jeff Reine-Adélaïde,Lyon,1998,1,24,0,0,0,0
Panagiotis Retsos,Saint-Étienne,1998,4,272,0,0,2,0
Baptiste Reynet,Nîmes,1990,32,2880,0,0,3,0
Sergio Rico,Paris S-G,1993,9,720,0,0,0,0
Renaud Ripart,Nîmes,1993,32,2579,8,0,3,0
Mihailo Ristić,Montpellier,1995,28,1799,0,2,3,0
Maxence Rivera,Saint-Étienne,2002,16,219,0,0,0,0
Christopher Rocchia,Marseille,1998,2,22,0,0,0,0
Valentin Rongier,Marseille,1994,22,1662,1,1,6,0
Nolan Roux,Nîmes,1988,17,645,0,0,2,0
Daniele Rugani,Rennes,1994,1,90,0,0,1,0
Kays Ruiz,Paris S-G,2002,7,186,0,0,1,0
Georginio Rutter,Rennes,2002,4,44,0,0,0,0
Roli Pereira de Sa,Nantes,1996,2,13,0,0,0,0
Idriss Saadi,Strasbourg,1992,7,125,0,0,0,0
Youssouf Sabaly,Bordeaux,1993,27,2377,0,2,3,0
Hiroki Sakai,Marseille,1990,26,2175,0,1,6,1
Moïse Sakava,Reims,2000,1,8,0,0,0,0
William Saliba,Nice,2001,14,1260,0,0,1,0
Romain Salin,Rennes,1984,15,1350,0,0,2,0
Mama Samba Baldé,Dijon,1995,25,1939,6,0,4,0
Junior Sambia,Montpellier,1996,31,2066,1,5,2,0
Frédéric Sammaritano,Dijon,1986,26,993,0,1,4,1
Renato Sanches,Lille,1997,20,1089,1,2,3,0
Morgan Sanson,Marseille,1994,12,826,2,3,2,0
Baptiste Santamaria,Angers,1995,3,270,0,0,1,0
Pablo Sarabia,Paris S-G,1992,23,1117,6,4,2,0
Bouna Sarr,Marseille,1992,2,76,0,0,0,0
Sidy Sarr,Nîmes,1996,7,332,0,0,1,0
Téji Savanier,Montpellier,1991,24,1910,5,5,6,1
Aurélien Scheidler,Dijon,1998,10,342,1,0,1,0
Morgan Schneiderlin,Nice,1989,23,1847,0,1,8,1
Malik Sellouki,Nice,2000,2,43,1,0,1,0
Matz Sels,Strasbourg,1992,2,180,0,0,0,0
Jean Seri,Bordeaux,1991,9,639,0,0,2,0
Mahame Siby,Strasbourg,1996,6,16,0,0,0,0
Abdoulaye Sidibé,Saint-Étienne,2002,1,11,0,0,1,0
Djibril Sidibé,Monaco,1992,24,1504,0,2,3,0
Kaj Sierhuis,Reims,1998,19,569,0,1,1,0
Caio Henrique Oliveira Silva,Monaco,1997,25,1838,0,4,0,0
Florent da Silva,Lyon,2003,1,3,0,0,0,0
Gabriel Silva,Saint-Étienne,1991,2,175,0,0,0,0
Mohamed Simakan,Strasbourg,2000,19,1615,1,1,2,0
Moses Simon,Nantes,1995,27,1878,5,1,2,0
Xavi Simons,Paris S-G,2003,1,2,0,0,0,0
Issouf Sissokho,Bordeaux,2002,2,23,0,0,0,0
Ibrahima Sissoko,Strasbourg,1997,31,2358,0,0,6,0
Nelson Sissoko,Saint-Étienne,1997,9,474,0,0,0,0
Jacques Siwe,Dijon,2001,1,12,0,0,0,0
Petar Škuletić,Montpellier,1990,14,175,2,0,0,0
Islam Slimani,Lyon,1988,13,327,1,0,0,1
Brandon Soppy,Rennes,2002,7,456,0,0,1,0
Florian Sotoca,Lens,1990,30,2300,8,3,6,0
Cheick Souaré,Marseille,2002,1,10,0,0,0,0
Rayan Souici,Saint-Étienne,1998,1,5,0,0,0,0
Adama Soumaoro,Lille,1992,3,145,0,0,1,0
Boubakary Soumaré,Lille,1999,26,1395,0,0,3,0
Yaya Soumaré,Lyon,2000,1,2,0,0,0,0
Arnaud Souquet,Montpellier,1992,19,1012,1,1,4,0
Ansou Sow,Lens,2000,1,6,0,0,0,0
Saidou Sow,Saint-Étienne,2002,12,818,0,0,0,0
Kevin Strootman,Marseille,1990,11,233,0,0,2,0
Abdoulaye Sylla,Nantes,2000,2,8,0,0,0,0
Issiaga Sylla,Lens,1994,18,1022,1,0,0,0
Eddy Sylvestre,Nice,1999,4,97,0,0,1,0
Flavien Tait,Rennes,1993,18,930,0,2,4,0
Heriberto Tavares,Brest,1997,4,43,0,0,0,0
Warren Tchimbembé,Metz,1998,15,495,0,0,0,0
Aurélien Tchouaméni,Monaco,2000,30,2523,2,3,8,1
Martin Terrier,Rennes,1997,28,1981,6,6,2,1
Kenny Tete,Lyon,1995,1,20,0,0,0,0
Florian Thauvin,Marseille,1993,31,2297,8,7,4,0
Sada Thioub,Angers,1995,22,1048,1,1,0,0
Romain Thomas,Angers,1988,28,2484,3,0,4,1
Adrien Thomasson,Strasbourg,1993,32,2198,5,1,6,1
Khéphren Thuram-Ulie,Nice,2001,26,1325,2,0,2,0
Cheikh Tidiane Sabaly,Metz,1999,1,12,0,0,0,0
Jean-Clair Todibo,Nice,1999,9,790,0,0,3,0
Karl Toko Ekambi,Lyon,1992,29,2309,12,5,3,0
Tyron Tormin,Saint-Étienne,2001,3,21,0,0,0,0
Abdoulaye Touré,Nantes,1994,29,1681,2,2,2,0
Amadou Traore,Bordeaux,2002,14,197,0,1,0,0
Charles Traore,Nantes,1992,20,1657,1,0,6,0
Cheick Traoré,Lens,1995,1,14,0,0,0,0
Hamari Traoré,Rennes,1992,29,2473,1,1,4,0
Ismaël Traoré,Angers,1986,31,2790,3,3,2,0
Miguel Trauco,Saint-Étienne,1992,22,1677,0,1,1,0
Alexis Trouillet,Nice,2000,5,109,0,0,0,0
Adrien Truffert,Rennes,2001,25,1721,1,3,2,0
Marvin Tshibuabua,Saint-Étienne,2002,1,43,0,0,0,0
Matthieu Udol,Metz,1996,20,1509,0,3,1,1
Naomichi Ueda,Nîmes,1994,5,371,0,0,0,0
Hwang Ui-jo,Bordeaux,1992,30,2029,11,2,1,0
Marco Verratti,Paris S-G,1992,18,1347,0,2,5,0
Kevin Volland,Monaco,1992,29,2247,14,7,3,0
Franklin Wadja,Lorient,1995,4,33,0,0,1,0
Timothy Weah,Lille,2000,26,787,3,0,1,0
Yoane Wissa,Lorient,1996,32,2215,7,1,2,0
Xeka,Lille,1994,27,1022,1,2,5,0
Yusuf Yazıcı,Lille,1997,26,945,7,4,0,0
Burak Yılmaz,Lille,1985,22,1556,10,4,5,0
Wilitty Younoussa,Dijon,2001,2,17,0,0,0,0
Zaydou Youssouf,Saint-Étienne,1999,23,1075,1,1,1,0
Arthur Zagre,Dijon,2001,1,11,0,0,0,0
Arber Zeneli,Reims,1995,23,1126,3,3,0,0
Mehdi Zerkane,Bordeaux,1999,21,977,0,1,1,1
Kévin Zohi,Strasbourg,1996,22,427,1,0,0,0
