genre,age,profession,candidat
F,53,accompagnateur de tourisme équestre,Zacharie de Lacombe
M,52,chef de produit marketing,Patrick Le Goff
M,38,"inspecteur des douanes, des finances publiques ou du travail",Maurice Carre de la Jacquot
F,45,ingénieur d'études en sûreté nucléaire,Patrick Le Goff
M,50,commissaire-priseur,Claire Etienne-Thibault
M,29,orthodontiste,Zacharie de Lacombe
F,50,directeur d'accueil collectif de mineurs (ACM),Zacharie de Lacombe
F,55,professeur d'éducation physique et sportive (EPS),Zacharie de Lacombe
M,38,attaché d'administration,Martine Leleu
M,37,credit manager,Martine Leleu
M,41,gardien de police municipale,Robert-Alfred Labbe
M,45,assistant commercial commerciale,Zacharie de Lacombe
F,27,microbiologiste,Maurice Carre de la Jacquot
M,25,responsable de la promotion des ventes,Maurice Carre de la Jacquot
F,25,orthophoniste,Martine Leleu
F,52,agent de développement local,Claire Etienne-Thibault
M,50,gestionnaire de parc micro-informatique,Claire Etienne-Thibault
M,39,carreleur,Claire Etienne-Thibault
M,43,responsable de laboratoire de contrôle en biologie,Zacharie de Lacombe
F,51,hôtesse de l'air,Maurice Carre de la Jacquot
M,27,orthodontiste,Maurice Carre de la Jacquot
M,44,juge des enfants,Maurice Carre de la Jacquot
M,33,responsable de laboratoire de recherche,Zacharie de Lacombe
M,50,assistant de gestion en PME,Zacharie de Lacombe
M,33,technicien plasturgiste,Claire Etienne-Thibault
F,44,technicien d'analyses biomédicales,Robert-Alfred Labbe
M,28,community manager,Claire Etienne-Thibault
F,26,bottier,Robert-Alfred Labbe
M,43,conducteur d'engins de travaux publics,Robert-Alfred Labbe
F,42,directeur artistique,Maurice Carre de la Jacquot
F,40,cordiste,Martine Leleu
F,37,designer sonore,Zacharie de Lacombe
F,31,régisseur général générale cinéma,Martine Leleu
F,55,intégrateur web,Joseph-David Peron
M,49,animateur d'activités physiques et sportives pour tous,Maurice Carre de la Jacquot
F,26,consultant en informatique décisionnelle,Claire Etienne-Thibault
F,45,enseignant de la conduite automobile et de la sécurité routière,Martine Leleu
F,38,audioprothésiste,Joseph-David Peron
F,38,analyste de crédit,Maurice Carre de la Jacquot
M,46,architecte réseaux,Zacharie de Lacombe
F,51,ingénieur technico-commercial technico-commerciale en chimie,Zacharie de Lacombe
M,55,carreleur,Patrick Le Goff
F,30,credit manager,Joseph-David Peron
F,26,horticulteur,Joseph-David Peron
F,44,oenologue,Zacharie de Lacombe
M,51,roboticien,Zacharie de Lacombe
F,55,officier de l'armée de terre,Claire Etienne-Thibault
F,27,conseiller d'élevage,Maurice Carre de la Jacquot
M,30,technicien en optique de précision,Martine Leleu
F,30,intégrateur web,Claire Etienne-Thibault
F,38,biostatisticien,Claire Etienne-Thibault
F,45,vendeur en animalerie,Maurice Carre de la Jacquot
M,34,poissonnier,Zacharie de Lacombe
M,25,conseiller principal d'éducation principale d'éducation,Zacharie de Lacombe
F,55,ingénieur chimiste,Claire Etienne-Thibault
F,55,chef de mission humanitaire,Patrick Le Goff
F,33,responsable de projets culturels,Maurice Carre de la Jacquot
M,55,critique d'art,Joseph-David Peron
M,47,directeur de la photographie,Maurice Carre de la Jacquot
F,37,chauffeur de taxi,Maurice Carre de la Jacquot
M,54,facteur,Zacharie de Lacombe
F,48,agent d'escale,Robert-Alfred Labbe
M,32,ostéopathe,Maurice Carre de la Jacquot
F,50,attaché de recherche clinique (ARC),Joseph-David Peron
F,26,archiviste,Robert-Alfred Labbe
M,28,brancardier,Claire Etienne-Thibault
M,25,géochimiste,Maurice Carre de la Jacquot
F,55,technicien plasturgiste,Zacharie de Lacombe
F,47,économe de flux,Patrick Le Goff
F,31,assistant en études de prix,Claire Etienne-Thibault
M,39,maréchal-ferrant,Robert-Alfred Labbe
F,38,informaticien industriel industrielle,Claire Etienne-Thibault
M,47,électricien installateur installatrice,Claire Etienne-Thibault
M,43,scénariste,Patrick Le Goff
M,36,responsable des ouvrages hydroélectriques,Patrick Le Goff
F,38,médecin humanitaire,Martine Leleu
M,34,magistrat,Zacharie de Lacombe
F,32,conducteur de machines à papier,Zacharie de Lacombe
F,37,actuaire,Zacharie de Lacombe
F,38,façonnier des industries graphiques,Robert-Alfred Labbe
M,38,rudologue,Martine Leleu
F,39,assistant en ressources humaines,Claire Etienne-Thibault
M,25,concepteur de niveaux de jeu web,Joseph-David Peron
M,45,maroquinier,Maurice Carre de la Jacquot
M,28,informaticien industriel industrielle,Zacharie de Lacombe
F,49,géotechnicien,Martine Leleu
M,46,acheteur d'espaces publicitaires,Joseph-David Peron
F,41,cogniticien,Zacharie de Lacombe
M,45,cordiste,Robert-Alfred Labbe
F,29,comptable,Joseph-David Peron
F,45,commercial à bord des trains,Maurice Carre de la Jacquot
F,47,coiffeur,Zacharie de Lacombe
M,36,sommelier,Maurice Carre de la Jacquot
M,42,couvreur,Joseph-David Peron
M,54,technicien de maintenance en informatique,Patrick Le Goff
M,51,régleur,Claire Etienne-Thibault
F,53,ingénieur recherche et développement (R&amp;D) en agroéquipement,Joseph-David Peron
M,31,ingénieur plasturgiste,Claire Etienne-Thibault
M,51,sculpteur sur bois,Claire Etienne-Thibault
M,54,officier de gendarmerie,Maurice Carre de la Jacquot
M,40,climatologue,Maurice Carre de la Jacquot
F,35,bottier,Maurice Carre de la Jacquot
M,37,gérant de restauration collective,Zacharie de Lacombe
M,43,expert bilan carbone,Claire Etienne-Thibault
M,34,technicien forestier forestière,Claire Etienne-Thibault
F,39,dépanneur en électroménager,Zacharie de Lacombe
F,54,dessinateur de BD,Joseph-David Peron
M,45,ingénieur méthodes mécaniques,Maurice Carre de la Jacquot
F,55,libraire,Joseph-David Peron
M,37,directeur d'agence bancaire,Zacharie de Lacombe
M,26,ingénieur chimiste en développement analytique,Maurice Carre de la Jacquot
M,46,diagnostiqueur immobilier,Zacharie de Lacombe
F,39,technicien paysagiste,Robert-Alfred Labbe
F,52,mécanicien-réparateur en matériel agricole,Martine Leleu
F,55,chargé d'études en marketing,Olivie Deschamps-Torres
M,34,constructeur de routes,Robert-Alfred Labbe
F,36,ingénieur en électronique numérique,Maurice Carre de la Jacquot
M,50,agent de propreté et d'hygiène,Zacharie de Lacombe
F,50,conducteur de travaux  agricoles,Robert-Alfred Labbe
F,48,chercheur en biologie du sport,Zacharie de Lacombe
F,26,auxiliaire de puériculture,Zacharie de Lacombe
F,52,responsable du service après-vente,Joseph-David Peron
M,30,secrétaire,Martine Leleu
F,47,volcanologue,Claire Etienne-Thibault
M,37,économiste de la construction,Zacharie de Lacombe
F,25,électronicien automobile,Robert-Alfred Labbe
M,47,développeur d'applications mobiles,Robert-Alfred Labbe
M,42,décorateur,Maurice Carre de la Jacquot
M,37,commissaire-priseur,Martine Leleu
F,45,animateur de bassin versant,Maurice Carre de la Jacquot
F,46,responsable d'élevage agricole,Robert-Alfred Labbe
M,29,statisticien en géomarketing,Zacharie de Lacombe
M,55,ingénieur en métrologie,Zacharie de Lacombe
F,39,ingénieur logistique,Maurice Carre de la Jacquot
M,32,rédacteur en chef,Martine Leleu
M,45,sous-officier de l'armée de l'air,Robert-Alfred Labbe
M,49,mécanicien-outilleur,Maurice Carre de la Jacquot
M,49,metteur en scène,Patrick Le Goff
M,25,chercheur en biologie du sport,Joseph-David Peron
M,38,chef de projet biodiversité,Zacharie de Lacombe
F,38,chargé d'études en valorisation agricole des déchets,Zacharie de Lacombe
M,53,biologiste en environnement,Joseph-David Peron
M,47,technicien de maintenance en génie climatique,Zacharie de Lacombe
F,27,coloriste,Claire Etienne-Thibault
M,38,chef de projet éolien,Maurice Carre de la Jacquot
F,50,marchandiseur,Claire Etienne-Thibault
M,40,professeur d'éducation physique et sportive (EPS),Maurice Carre de la Jacquot
M,51,conducteur routier routière,Patrick Le Goff
F,36,géographe,Zacharie de Lacombe
M,50,bio-informaticien,Maurice Carre de la Jacquot
M,28,technicien de maintenance en informatique,Maurice Carre de la Jacquot
M,52,traducteur technique,Patrick Le Goff
M,41,magistrat,Robert-Alfred Labbe
M,44,consultant en systèmes d'information,Joseph-David Peron
M,39,officier de l'armée de l'air,Zacharie de Lacombe
M,47,substitut du procureur,Robert-Alfred Labbe
M,28,statisticien,Maurice Carre de la Jacquot
F,47,employé de restaurant,Maurice Carre de la Jacquot
F,55,expert bilan carbone,Zacharie de Lacombe
M,27,attaché commercial commerciale,Claire Etienne-Thibault
M,25,agent de développement des énergies renouvelables,Claire Etienne-Thibault
M,43,installateur en télécoms,Robert-Alfred Labbe
M,54,conducteur d'engins de travaux publics,Maurice Carre de la Jacquot
M,34,gestionnaire de contrats d'assurance,Maurice Carre de la Jacquot
F,32,géochimiste,Zacharie de Lacombe
M,34,salesman,Patrick Le Goff
F,44,biostatisticien,Joseph-David Peron
F,42,employé de chai,Zacharie de Lacombe
M,52,agent d'escale,Robert-Alfred Labbe
M,47,poissonnier,Zacharie de Lacombe
M,41,officier de gendarmerie,Zacharie de Lacombe
M,29,"ingénieur fluides, énergies, réseaux, environnement",Maurice Carre de la Jacquot
F,44,attaché de presse,Robert-Alfred Labbe
F,36,énergéticien,Claire Etienne-Thibault
F,50,tonnelier,Zacharie de Lacombe
F,46,pâtissier,Zacharie de Lacombe
F,53,chef de projet démantèlement nucléaire,Claire Etienne-Thibault
F,28,tailleur de pierre,Zacharie de Lacombe
M,46,attaché commercial commerciale,Maurice Carre de la Jacquot
M,32,biostatisticien,Robert-Alfred Labbe
F,53,technicien de l'intervention sociale et familiale,Zacharie de Lacombe
F,33,ingénieur logistique,Maurice Carre de la Jacquot
F,42,responsable de laboratoire de contrôle en biologie,Zacharie de Lacombe
F,34,moniteur d'activités équestres,Maurice Carre de la Jacquot
F,38,technicien chimiste,Zacharie de Lacombe
M,32,réceptionniste,Maurice Carre de la Jacquot
F,53,chargé de recherche et développement déchets,Claire Etienne-Thibault
F,45,salesman,Martine Leleu
M,25,ingénieur forestier forestière,Joseph-David Peron
M,35,enseignant de la conduite automobile et de la sécurité routière,Maurice Carre de la Jacquot
M,42,accompagnant éducatif et social éducative et sociale,Martine Leleu
F,30,dessinateur en construction mécanique,Maurice Carre de la Jacquot
M,29,art-thérapeute,Patrick Le Goff
M,53,ingénieur en automatismes,Robert-Alfred Labbe
M,31,ouvrier paysagiste,Zacharie de Lacombe
M,25,enseignant-chercheur,Zacharie de Lacombe
M,29,consultant SaaS,Joseph-David Peron
F,28,expert en sécurité informatique,Zacharie de Lacombe
M,35,ingénieur de la police technique et scientifique,Zacharie de Lacombe
M,27,facteur d'instruments,Zacharie de Lacombe
F,34,concepteur de niveaux de jeu web,Claire Etienne-Thibault
M,48,technicien automobile,Maurice Carre de la Jacquot
F,49,designer sonore,Claire Etienne-Thibault
M,33,carrossier,Maurice Carre de la Jacquot
F,39,technicien en optique de précision,Maurice Carre de la Jacquot
F,25,météorologiste,Maurice Carre de la Jacquot
F,52,zoologiste,Zacharie de Lacombe
F,36,chef de projet packaging,Olivie Deschamps-Torres
M,39,médecin spécialiste,Maurice Carre de la Jacquot
M,49,géothermicien,Zacharie de Lacombe
M,31,reporter-photographe,Robert-Alfred Labbe
F,41,médecin généraliste,Martine Leleu
F,28,administrateur de spectacle,Maurice Carre de la Jacquot
F,37,ingénieur d'affaires en génie électrique,Joseph-David Peron
M,25,assistant maternel maternelle,Martine Leleu
M,48,géochimiste,Zacharie de Lacombe
M,47,consultant en solutions intégrées,Robert-Alfred Labbe
F,46,animateur du patrimoine,Zacharie de Lacombe
F,44,podo-orthésiste,Robert-Alfred Labbe
F,51,BIM manager,Zacharie de Lacombe
M,43,traducteur-interprète,Zacharie de Lacombe
M,25,assistant en architecture,Maurice Carre de la Jacquot
F,33,contrôleur aérien aérienne,Claire Etienne-Thibault
F,30,chef de projet packaging,Zacharie de Lacombe
F,45,chef de projet web/mobile,Joseph-David Peron
F,55,éclairagiste,Robert-Alfred Labbe
M,42,hydraulicien,Maurice Carre de la Jacquot
M,41,intégrateur web,Maurice Carre de la Jacquot
F,29,ascensoriste,Zacharie de Lacombe
M,54,comptable,Olivie Deschamps-Torres
M,48,responsable des ouvrages hydroélectriques,Claire Etienne-Thibault
F,38,orthoptiste,Zacharie de Lacombe
M,42,expert bilan carbone,Maurice Carre de la Jacquot
F,32,concepteur de niveaux de jeu web,Maurice Carre de la Jacquot
F,36,conservateur du patrimoine,Maurice Carre de la Jacquot
F,55,technicien de fabrication de mobilier et de menuiserie,Zacharie de Lacombe
M,52,écrivain,Martine Leleu
F,52,ingénieur électricien,Maurice Carre de la Jacquot
F,46,opérateur de fabrication de produits alimentaires,Zacharie de Lacombe
M,33,femme de chambre,Zacharie de Lacombe
F,32,responsable de laboratoire de contrôle en chimie,Patrick Le Goff
M,43,enseignant de la conduite automobile et de la sécurité routière,Zacharie de Lacombe
M,26,météorologiste,Maurice Carre de la Jacquot
M,38,pisteur secouriste,Zacharie de Lacombe
F,50,opticien-lunetier,Robert-Alfred Labbe
M,27,ingénieur en imagerie médicale,Robert-Alfred Labbe
M,52,webmestre,Maurice Carre de la Jacquot
F,45,conducteur de métro,Joseph-David Peron
M,29,brodeur,Robert-Alfred Labbe
M,53,juge d'instruction,Joseph-David Peron
M,48,nivoculteur,Martine Leleu
F,47,mécanicien-réparateur en matériel agricole,Maurice Carre de la Jacquot
M,55,géothermicien,Martine Leleu
M,33,chirurgien-dentiste,Maurice Carre de la Jacquot
M,37,mandataire judiciaire,Maurice Carre de la Jacquot
F,29,hydrologue,Robert-Alfred Labbe
F,39,journaliste reporter d'images,Joseph-David Peron
M,25,ingénieur support,Maurice Carre de la Jacquot
F,39,chanteur,Joseph-David Peron
M,37,géologue modélisateur,Maurice Carre de la Jacquot
F,27,consultant informatique,Zacharie de Lacombe
F,40,ingénieur électricien,Maurice Carre de la Jacquot
M,52,ingénieur production dans les biotechnologies,Maurice Carre de la Jacquot
F,51,technicien forestier forestière,Claire Etienne-Thibault
M,29,ingénieur production en mécanique,Maurice Carre de la Jacquot
M,37,chef de station de traitement des eaux,Maurice Carre de la Jacquot
F,37,archiviste,Olivie Deschamps-Torres
M,26,chargé de veille législative et réglementaire,Robert-Alfred Labbe
F,27,professeur des écoles des écoles,Maurice Carre de la Jacquot
M,29,responsable de site de traitement des déchets,Maurice Carre de la Jacquot
M,45,céramiste,Claire Etienne-Thibault
F,32,ingénieur mathématicien,Zacharie de Lacombe
M,47,boucher,Joseph-David Peron
F,45,océanologue,Zacharie de Lacombe
M,31,parfumeur,Maurice Carre de la Jacquot
F,34,aide-chimiste,Zacharie de Lacombe
M,54,"psychologue de l'éducation nationale spécialité éducation, développement et conseil en orientation scolaire et professionnelle",Zacharie de Lacombe
M,49,volcanologue,Robert-Alfred Labbe
M,28,mécanicien-outilleur,Claire Etienne-Thibault
F,53,enseignant spécialisé spécialisée,Zacharie de Lacombe
M,29,comptable,Claire Etienne-Thibault
M,36,animateur socioculturel socioculturelle,Claire Etienne-Thibault
M,54,conseiller en voyages,Maurice Carre de la Jacquot
M,39,assistant réalisateur réalisatrice,Claire Etienne-Thibault
M,28,machiniste-constructeur ou plateau,Zacharie de Lacombe
M,25,chaudronnier,Joseph-David Peron
M,51,webmestre,Joseph-David Peron
F,49,ingénieur logiciel,Martine Leleu
M,30,rudologue,Zacharie de Lacombe
M,50,coiffeur,Maurice Carre de la Jacquot
F,33,technicien radioprotection,Patrick Le Goff
M,25,formulateur,Joseph-David Peron
M,32,histologiste,Joseph-David Peron
M,41,chef de mission humanitaire,Robert-Alfred Labbe
M,35,éclairagiste,Zacharie de Lacombe
M,28,gestionnaire de contrats d'assurance,Zacharie de Lacombe
F,39,mécanicien bateaux,Zacharie de Lacombe
F,30,garde à cheval,Maurice Carre de la Jacquot
F,48,généticien,Joseph-David Peron
M,39,auditeur interne,Martine Leleu
M,31,physicien médical médicale,Martine Leleu
M,44,attaché de recherche clinique (ARC),Maurice Carre de la Jacquot
F,47,chargé de veille législative et réglementaire,Claire Etienne-Thibault
F,45,déclarant en douane,Robert-Alfred Labbe
M,48,programmiste,Zacharie de Lacombe
M,54,juge des enfants,Zacharie de Lacombe
F,41,sociologue,Maurice Carre de la Jacquot
F,37,designer sonore,Robert-Alfred Labbe
F,54,directeur d'hôtel,Zacharie de Lacombe
F,45,psychomotricien,Robert-Alfred Labbe
F,47,soigneur d'animaux,Zacharie de Lacombe
F,34,fleuriste,Zacharie de Lacombe
F,51,horloger,Maurice Carre de la Jacquot
M,42,pisteur secouriste,Claire Etienne-Thibault
F,42,chef de produit touristique,Joseph-David Peron
F,33,chargé d'affaires en génie mécanique,Joseph-David Peron
F,50,ingénieur en énergie solaire,Olivie Deschamps-Torres
M,41,matelot de la Marine Nationale,Zacharie de Lacombe
F,41,mécanicien bateaux,Zacharie de Lacombe
F,35,technicien de contrôle,Maurice Carre de la Jacquot
M,54,contrôleur aérien aérienne,Claire Etienne-Thibault
M,25,responsable de la collecte des déchets ménagers,Robert-Alfred Labbe
F,50,visiteur médical médicale,Zacharie de Lacombe
M,42,technicien d'exploitation du réseau gaz,Zacharie de Lacombe
F,27,directeur d'agence bancaire,Maurice Carre de la Jacquot
M,54,maroquinier,Joseph-David Peron
F,42,électromécanicien en remontées mécaniques,Claire Etienne-Thibault
M,48,agent général générale d'assurances,Olivie Deschamps-Torres
M,51,concepteur designer packaging,Joseph-David Peron
F,38,animateur du patrimoine,Claire Etienne-Thibault
F,38,costumier,Zacharie de Lacombe
M,50,ingénieur d'études en sûreté nucléaire,Zacharie de Lacombe
M,49,architecte,Maurice Carre de la Jacquot
M,44,médiateur scientifique,Joseph-David Peron
M,53,auxiliaire de puériculture,Zacharie de Lacombe
F,43,projectionniste,Claire Etienne-Thibault
M,50,archéologue,Maurice Carre de la Jacquot
M,52,dessinateur de BD,Zacharie de Lacombe
F,27,consultant en informatique décisionnelle,Claire Etienne-Thibault
M,53,conseiller en voyages,Patrick Le Goff
F,37,conducteur de train,Maurice Carre de la Jacquot
M,33,assistant maternel maternelle,Robert-Alfred Labbe
F,46,charpentier bois,Zacharie de Lacombe
F,49,technicien de maintenance en génie climatique,Claire Etienne-Thibault
F,45,ouvrier agricole,Zacharie de Lacombe
M,33,dessinateur en construction mécanique,Zacharie de Lacombe
M,52,yield manager,Joseph-David Peron
M,30,aquaculteur,Maurice Carre de la Jacquot
F,51,préparateur en pharmacie,Zacharie de Lacombe
F,37,chargé d'études ressources humaines,Maurice Carre de la Jacquot
M,43,matelot à la pêche,Zacharie de Lacombe
M,30,ingénieur écoconcepteur écoconceptrice,Joseph-David Peron
F,52,collaborateur de notaire de notaire,Maurice Carre de la Jacquot
F,52,projectionniste,Claire Etienne-Thibault
F,44,électromécanicien en remontées mécaniques,Claire Etienne-Thibault
M,33,consignataire de navire,Maurice Carre de la Jacquot
F,29,formulateur,Zacharie de Lacombe
F,33,assistant en architecture,Maurice Carre de la Jacquot
M,27,sapeur-pompier,Patrick Le Goff
F,33,économe de flux,Maurice Carre de la Jacquot
M,46,ingénieur technico-commercial technico-commerciale en chimie,Zacharie de Lacombe
F,39,géomaticien,Claire Etienne-Thibault
M,52,administrateur de logiciels de laboratoire,Maurice Carre de la Jacquot
M,45,tonnelier,Martine Leleu
M,50,ingénieur hydroécologue,Patrick Le Goff
F,37,juge des enfants,Maurice Carre de la Jacquot
M,42,diététicien,Claire Etienne-Thibault
M,28,mécatronicien,Claire Etienne-Thibault
M,34,responsable du service après-vente,Claire Etienne-Thibault
M,35,juge des enfants,Martine Leleu
M,29,conseiller sportif sportive en salle de remise en forme,Zacharie de Lacombe
F,25,maquettiste,Joseph-David Peron
M,44,ingénieur logistique,Joseph-David Peron
F,55,professeur des écoles des écoles,Claire Etienne-Thibault
M,55,ingénieur en métrologie,Patrick Le Goff
F,38,responsable des ressources humaines,Maurice Carre de la Jacquot
F,28,opérateur de raffinerie,Zacharie de Lacombe
M,47,tailleur-couturier,Zacharie de Lacombe
M,31,encadreur,Claire Etienne-Thibault
F,33,technicien packaging,Maurice Carre de la Jacquot
F,54,concepteur multimédia,Joseph-David Peron
M,35,optronicien,Zacharie de Lacombe
F,50,technico-commercial en agroalimentaire,Maurice Carre de la Jacquot
M,42,ingénieur analyste de l'air,Zacharie de Lacombe
M,27,expert en assurances,Zacharie de Lacombe
F,40,responsable de laboratoire de recherche,Zacharie de Lacombe
M,27,mandataire judiciaire,Maurice Carre de la Jacquot
F,32,dessinateur de BD,Claire Etienne-Thibault
F,55,machiniste-constructeur ou plateau,Zacharie de Lacombe
M,37,technicien de forge,Claire Etienne-Thibault
F,29,statisticien en géomarketing,Claire Etienne-Thibault
F,49,menuisier,Zacharie de Lacombe
F,48,ergothérapeute,Martine Leleu
M,40,géophysicien,Maurice Carre de la Jacquot
F,37,matelot de la Marine Nationale,Joseph-David Peron
M,46,ingénieur de recherche clinique et épidémiologique,Zacharie de Lacombe
F,45,médiateur familial familiale,Claire Etienne-Thibault
F,48,ingénieur en chef territorial,Olivie Deschamps-Torres
M,34,ingénieur cloud computing,Zacharie de Lacombe
M,31,accompagnateur en moyenne montagne,Robert-Alfred Labbe
M,30,responsable assurance qualité,Claire Etienne-Thibault
F,42,architecte naval,Zacharie de Lacombe
M,43,technicien d'essais,Martine Leleu
M,44,conducteur de train,Martine Leleu
F,40,directeur d'accueil collectif de mineurs (ACM),Maurice Carre de la Jacquot
F,52,secrétaire des affaires étrangères,Robert-Alfred Labbe
F,41,conducteur d'engins forestiers de récolte en entreprises de travaux forestiers,Zacharie de Lacombe
F,33,trader,Claire Etienne-Thibault
M,33,responsable achats en chimie,Maurice Carre de la Jacquot
F,44,expert bilan carbone,Olivie Deschamps-Torres
F,42,archéologue,Maurice Carre de la Jacquot
F,34,charpentier métallique,Martine Leleu
F,51,dessinateur de BD,Maurice Carre de la Jacquot
M,38,tailleur de pierre,Joseph-David Peron
F,45,agent artistique,Robert-Alfred Labbe
M,39,solier-moquettiste,Joseph-David Peron
M,45,salesman,Zacharie de Lacombe
F,42,conseiller en assurances,Robert-Alfred Labbe
M,25,ingénieur en construction navale,Zacharie de Lacombe
F,46,chargé des relations publiques,Robert-Alfred Labbe
F,44,géophysicien,Zacharie de Lacombe
F,47,orfèvre,Claire Etienne-Thibault
M,46,pâtissier,Zacharie de Lacombe
M,52,commercial à bord des trains,Claire Etienne-Thibault
F,33,technicien de contrôle,Zacharie de Lacombe
F,40,cuisinier,Patrick Le Goff
F,44,infirmier,Claire Etienne-Thibault
M,27,chef d'exploitation d'usine d'incinération,Joseph-David Peron
M,29,ingénieur pétrolier pétrolière,Patrick Le Goff
M,55,psychanalyste,Zacharie de Lacombe
F,36,modiste,Claire Etienne-Thibault
M,31,chef de station de traitement des eaux,Joseph-David Peron
M,37,étalagiste,Claire Etienne-Thibault
M,53,facteur d'instruments,Maurice Carre de la Jacquot
M,39,technicien électronicien électronicienne,Joseph-David Peron
F,46,médecin humanitaire,Zacharie de Lacombe
M,47,administrateur réseaux,Maurice Carre de la Jacquot
M,29,pilote de ligne,Maurice Carre de la Jacquot
M,43,responsable de formation,Maurice Carre de la Jacquot
F,46,géotechnicien,Zacharie de Lacombe
M,42,machiniste-constructeur ou plateau,Maurice Carre de la Jacquot
M,49,chargé d'études média,Maurice Carre de la Jacquot
M,27,assistant en études de prix,Zacharie de Lacombe
M,46,professeur d'éducation physique et sportive (EPS),Maurice Carre de la Jacquot
M,41,directeur d'hôpital,Martine Leleu
M,28,agent de développement local,Claire Etienne-Thibault
M,51,microbiologiste,Zacharie de Lacombe
M,34,podo-orthésiste,Joseph-David Peron
M,41,directeur de restaurant,Maurice Carre de la Jacquot
F,52,officier de gendarmerie,Zacharie de Lacombe
F,51,programmiste,Joseph-David Peron
F,36,modiste,Joseph-David Peron
M,50,ingénieur chimiste en développement analytique,Zacharie de Lacombe
F,49,aérodynamicien,Zacharie de Lacombe
M,53,conseiller en génétique,Claire Etienne-Thibault
F,36,maquilleur artistique,Maurice Carre de la Jacquot
F,31,paléontologue,Zacharie de Lacombe
F,47,adjoint administratif administrative,Martine Leleu
M,44,chef de projet sites et sols pollués,Claire Etienne-Thibault
M,47,pédiatre,Robert-Alfred Labbe
M,48,hôtesse de l'air,Robert-Alfred Labbe
M,47,animateur du patrimoine,Claire Etienne-Thibault
M,52,directeur de magasin à grande surface,Olivie Deschamps-Torres
M,54,verrier au chalumeau,Joseph-David Peron
M,40,responsable des ressources humaines,Joseph-David Peron
M,48,pisteur secouriste,Zacharie de Lacombe
F,31,horticulteur,Maurice Carre de la Jacquot
M,53,officier de la marine marchande,Zacharie de Lacombe
M,39,technicien pétrolier pétrolière,Zacharie de Lacombe
M,43,ingénieur environnement,Zacharie de Lacombe
M,41,directeur de création,Maurice Carre de la Jacquot
F,26,architecte d'intérieur,Zacharie de Lacombe
M,52,orthoptiste,Maurice Carre de la Jacquot
M,34,agent hydrothermal hydrothermale,Zacharie de Lacombe
F,40,responsable des ressources humaines,Maurice Carre de la Jacquot
M,36,administrateur de mission humanitaire,Zacharie de Lacombe
F,40,charpentier métallique,Maurice Carre de la Jacquot
F,31,responsable de plate-forme biotechnologique,Zacharie de Lacombe
M,47,ferronnier d'art,Martine Leleu
M,49,tapissier d'ameublement,Zacharie de Lacombe
M,33,designer graphique,Maurice Carre de la Jacquot
M,37,bottier,Zacharie de Lacombe
M,54,vendeur-magasinier en fournitures automobiles,Robert-Alfred Labbe
M,53,responsable du back office,Maurice Carre de la Jacquot
M,45,éducateur sportif sportive des activités aquatiques et de la natation,Martine Leleu
M,50,chargé d'études média,Maurice Carre de la Jacquot
F,55,expert en assurances,Claire Etienne-Thibault
M,42,gestionnaire de données cliniques,Zacharie de Lacombe
F,37,magistrat,Claire Etienne-Thibault
F,36,administrateur de base de données,Patrick Le Goff
F,32,développeur d'applications mobiles,Maurice Carre de la Jacquot
F,42,secrétaire d'édition,Zacharie de Lacombe
M,39,opticien-lunetier,Robert-Alfred Labbe
F,48,mécanicien marine navigant,Joseph-David Peron
F,30,ingénieur en génie climatique,Martine Leleu
F,50,entraîneur de chevaux,Claire Etienne-Thibault
F,37,céramiste,Zacharie de Lacombe
F,38,gestionnaire de données cliniques,Zacharie de Lacombe
F,40,ingénieur en métrologie,Claire Etienne-Thibault
F,39,charpentier bois,Robert-Alfred Labbe
M,54,ingénieur chimiste en développement analytique,Patrick Le Goff
F,48,généalogiste,Joseph-David Peron
F,35,opérateur de fabrication de produits alimentaires,Zacharie de Lacombe
M,54,chargé de production,Robert-Alfred Labbe
M,26,guichetier,Zacharie de Lacombe
M,31,serrurier-métallier,Claire Etienne-Thibault
M,30,maître-chien,Robert-Alfred Labbe
F,43,chef de fabrication des industries graphiques,Maurice Carre de la Jacquot
F,26,relieur-doreur,Claire Etienne-Thibault
M,50,avocat,Maurice Carre de la Jacquot
F,29,ingénieur production en aéronautique,Maurice Carre de la Jacquot
M,30,employé de restaurant,Robert-Alfred Labbe
M,52,infirmier,Zacharie de Lacombe
M,28,chef de chantier en installations électriques,Zacharie de Lacombe
F,29,nivoculteur,Maurice Carre de la Jacquot
M,45,orthoprothésiste,Robert-Alfred Labbe
M,33,aérodynamicien,Maurice Carre de la Jacquot
F,29,ingénieur en mécanique,Claire Etienne-Thibault
F,27,optronicien,Zacharie de Lacombe
F,38,ingénieur radioprotection,Maurice Carre de la Jacquot
F,54,installateur en télécoms,Zacharie de Lacombe
F,27,élagueur,Joseph-David Peron
F,45,technicien de maintenance en informatique,Zacharie de Lacombe
F,43,pharmacien,Martine Leleu
M,38,aide-soignant,Claire Etienne-Thibault
M,47,mandataire judiciaire,Maurice Carre de la Jacquot
F,32,agent de constatation des douanes,Zacharie de Lacombe
M,42,enseignant spécialisé spécialisée,Zacharie de Lacombe
M,33,responsable des ressources humaines,Zacharie de Lacombe
M,28,ingénieur production en aéronautique,Claire Etienne-Thibault
M,43,biostatisticien,Claire Etienne-Thibault
M,48,opérateur prépresse,Martine Leleu
M,42,agent de constatation des douanes,Claire Etienne-Thibault
F,45,chargé de recherche en acoustique musicale,Maurice Carre de la Jacquot
F,45,économiste de la construction,Zacharie de Lacombe
M,35,géophysicien,Maurice Carre de la Jacquot
M,49,responsable de laboratoire de contrôle en biologie,Zacharie de Lacombe
M,45,agent immobilier immobilière,Claire Etienne-Thibault
F,36,coiffeur,Martine Leleu
M,52,programmiste,Zacharie de Lacombe
F,27,traducteur technique,Robert-Alfred Labbe
F,45,chercheur en chimie,Zacharie de Lacombe
F,32,assistant réalisateur réalisatrice,Robert-Alfred Labbe
M,26,éducateur canin canine,Zacharie de Lacombe
M,55,technicien packaging,Claire Etienne-Thibault
M,46,consultant en systèmes d'information,Maurice Carre de la Jacquot
M,55,pédiatre,Zacharie de Lacombe
M,27,mécatronicien,Patrick Le Goff
F,40,magasinier cariste,Maurice Carre de la Jacquot
M,48,art-thérapeute,Maurice Carre de la Jacquot
F,54,responsable biométrie,Olivie Deschamps-Torres
M,46,géotechnicien,Joseph-David Peron
M,49,ingénieur électronicien électronicienne,Zacharie de Lacombe
M,53,chef de station de traitement des eaux,Zacharie de Lacombe
F,30,auteur-compositeur interprète interprète,Robert-Alfred Labbe
F,54,ingénieur en acoustique,Claire Etienne-Thibault
F,33,chanteur,Maurice Carre de la Jacquot
M,27,auteur-compositeur interprète interprète,Joseph-David Peron
F,46,documentaliste,Joseph-David Peron
F,41,gestionnaire actif/passif,Maurice Carre de la Jacquot
M,27,iconographe,Joseph-David Peron
M,33,ingénieur de recherche clinique et épidémiologique,Olivie Deschamps-Torres
F,53,assistant dentaire,Claire Etienne-Thibault
F,44,ascensoriste,Robert-Alfred Labbe
M,49,technicien pétrolier pétrolière,Patrick Le Goff
F,55,responsable de laboratoire de contrôle en biologie,Claire Etienne-Thibault
F,27,bactériologiste,Zacharie de Lacombe
M,43,bibliothécaire,Zacharie de Lacombe
M,47,chargé de référencement web,Patrick Le Goff
M,38,chef de projet communication digitale,Claire Etienne-Thibault
F,49,journaliste,Maurice Carre de la Jacquot
F,28,chercheur en physique,Maurice Carre de la Jacquot
F,25,conseiller d'élevage,Robert-Alfred Labbe
M,44,responsable de la collecte des déchets ménagers,Zacharie de Lacombe
F,26,architecte réseaux,Maurice Carre de la Jacquot
M,45,ingénieur cloud computing,Maurice Carre de la Jacquot
F,43,ingénieur en automatismes,Maurice Carre de la Jacquot
F,39,éducateur technique spécialisé technique spécialisée,Robert-Alfred Labbe
F,31,commerçant en alimentation,Zacharie de Lacombe
M,47,microbiologiste,Joseph-David Peron
F,42,ébéniste,Zacharie de Lacombe
M,49,ingénieur cloud computing,Zacharie de Lacombe
F,34,statisticien en analyse sensorielle,Martine Leleu
M,36,boucher,Maurice Carre de la Jacquot
F,27,accessoiriste,Zacharie de Lacombe
M,25,orthodontiste,Maurice Carre de la Jacquot
M,54,réceptionniste,Robert-Alfred Labbe
M,27,chanteur,Zacharie de Lacombe
M,37,entraîneur de chevaux,Claire Etienne-Thibault
M,51,cordiste,Patrick Le Goff
M,48,horticulteur,Zacharie de Lacombe
F,36,responsable de production alimentaire,Maurice Carre de la Jacquot
F,34,technicien pétrolier pétrolière,Zacharie de Lacombe
M,49,éducateur de jeunes enfants,Zacharie de Lacombe
M,34,mécanicien et technicien,Maurice Carre de la Jacquot
F,46,oenologue,Maurice Carre de la Jacquot
F,32,traducteur technique,Zacharie de Lacombe
M,47,professeur d'éducation physique et sportive (EPS),Claire Etienne-Thibault
F,51,aide-soignant,Joseph-David Peron
F,42,gouvernant,Maurice Carre de la Jacquot
F,42,souffleur de verre,Zacharie de Lacombe
M,54,architecte d'intérieur,Robert-Alfred Labbe
M,45,administrateur de spectacle,Zacharie de Lacombe
M,36,responsable de laboratoire de contrôle en biologie,Zacharie de Lacombe
F,45,journaliste,Maurice Carre de la Jacquot
F,39,ingénieur en caractérisation des matériaux,Joseph-David Peron
M,28,grutier,Zacharie de Lacombe
M,38,attaché de presse,Patrick Le Goff
F,33,auditeur externe,Maurice Carre de la Jacquot
F,43,attaché de recherche clinique (ARC),Maurice Carre de la Jacquot
F,53,économe de flux,Maurice Carre de la Jacquot
M,51,chargé de recherche en recrutement,Maurice Carre de la Jacquot
M,28,biologiste en environnement,Martine Leleu
M,27,ingénieur chimiste,Claire Etienne-Thibault
F,51,conducteur de machines agricoles,Claire Etienne-Thibault
M,43,libraire,Maurice Carre de la Jacquot
M,49,bronzier,Maurice Carre de la Jacquot
F,37,testeur,Maurice Carre de la Jacquot
M,32,webdesigner,Maurice Carre de la Jacquot
M,55,élagueur,Claire Etienne-Thibault
F,50,directeur d'accueil collectif de mineurs (ACM),Maurice Carre de la Jacquot
F,41,testeur,Maurice Carre de la Jacquot
F,44,ingénieur brevets,Zacharie de Lacombe
F,26,directeur d'hôpital,Zacharie de Lacombe
F,50,viticulteur,Zacharie de Lacombe
M,43,monteur-câbleur,Zacharie de Lacombe
M,30,technicien en optique de précision,Zacharie de Lacombe
F,25,opticien-lunetier,Claire Etienne-Thibault
M,36,technicien biologiste,Patrick Le Goff
F,36,ingénieur en acoustique,Maurice Carre de la Jacquot
F,33,ingénieur cloud computing,Zacharie de Lacombe
M,33,marchandiseur,Zacharie de Lacombe
M,54,paysagiste,Maurice Carre de la Jacquot
M,53,maréchal-ferrant,Zacharie de Lacombe
M,35,éclairagiste,Robert-Alfred Labbe
F,36,opérateur en traitement des matériaux,Joseph-David Peron
M,30,coiffeur,Olivie Deschamps-Torres
F,52,gestionnaire de contrats d'assurance,Zacharie de Lacombe
M,27,technicien réalisateur réalisatrice radio,Maurice Carre de la Jacquot
M,34,chargé d'études économiques,Robert-Alfred Labbe
M,48,aide-chimiste,Zacharie de Lacombe
F,28,fiscaliste,Zacharie de Lacombe
F,54,économe de flux,Zacharie de Lacombe
M,34,critique d'art,Maurice Carre de la Jacquot
M,49,maître d'hôtel,Maurice Carre de la Jacquot
F,54,télévendeur,Zacharie de Lacombe
F,45,ingénieur process aval,Maurice Carre de la Jacquot
M,53,pâtissier,Patrick Le Goff
F,41,vendeur-conseil en matériel agricole,Joseph-David Peron
M,49,enseignant-chercheur,Zacharie de Lacombe
M,54,conducteur d'engins de travaux publics,Zacharie de Lacombe
F,44,mécanicien d'entretien d'avion,Martine Leleu
M,51,spécialiste des affaires réglementaires en chimie,Robert-Alfred Labbe
F,44,rédacteur territorial territoriale,Patrick Le Goff
M,43,conseiller en génétique,Maurice Carre de la Jacquot
F,34,journaliste reporter d'images,Maurice Carre de la Jacquot
F,44,opérateur de fabrication de produits alimentaires,Olivie Deschamps-Torres
F,46,assistant dentaire,Robert-Alfred Labbe
F,26,ingénieur écoconcepteur écoconceptrice,Zacharie de Lacombe
M,35,animateur nature nature,Claire Etienne-Thibault
F,41,sommelier,Zacharie de Lacombe
M,45,expert automobile,Maurice Carre de la Jacquot
F,26,responsable de réseau d'assainissement,Maurice Carre de la Jacquot
F,29,guide de haute montagne,Maurice Carre de la Jacquot
M,52,télévendeur,Joseph-David Peron
F,49,pilote de ligne automatisée (chimie - agroalimentaire - industrie pharmaceutique),Robert-Alfred Labbe
F,54,ingénieur intégration satellite,Joseph-David Peron
F,36,chef de chantier en installations électriques,Zacharie de Lacombe
F,32,chef de projet communication digitale,Zacharie de Lacombe
F,31,chef de produit touristique,Zacharie de Lacombe
F,43,décorateur,Zacharie de Lacombe
F,27,mécanicien marine navigant,Zacharie de Lacombe
F,49,ingénieur en fonderie,Claire Etienne-Thibault
M,32,chef de produit marketing,Joseph-David Peron
F,52,poissonnier,Zacharie de Lacombe
F,42,moniteur-éducateur,Zacharie de Lacombe
M,46,mécanicien et technicien,Olivie Deschamps-Torres
M,35,facteur,Maurice Carre de la Jacquot
M,50,ingénieur process aval,Maurice Carre de la Jacquot
F,29,ingénieur écoconcepteur écoconceptrice,Maurice Carre de la Jacquot
F,42,assistant commercial commerciale,Robert-Alfred Labbe
M,32,chargé de communication interne,Joseph-David Peron
F,40,statisticien en analyse sensorielle,Claire Etienne-Thibault
F,36,assistant en études de prix,Maurice Carre de la Jacquot
M,43,attaché territorial territoriale,Claire Etienne-Thibault
F,51,pâtissier,Claire Etienne-Thibault
F,26,technicien biologiste,Zacharie de Lacombe
F,29,géologue modélisateur,Zacharie de Lacombe
F,49,assistant de service social,Robert-Alfred Labbe
M,48,chargé de projet événementiel,Maurice Carre de la Jacquot
F,28,matelot de la Marine Nationale,Zacharie de Lacombe
M,45,histologiste,Maurice Carre de la Jacquot
M,29,opérateur de raffinerie,Zacharie de Lacombe
F,36,opticien-lunetier,Robert-Alfred Labbe
M,26,inséminateur,Zacharie de Lacombe
F,30,ergothérapeute,Zacharie de Lacombe
F,46,directeur de golf,Zacharie de Lacombe
M,55,traffic manager,Zacharie de Lacombe
M,26,décorateur,Joseph-David Peron
M,37,généticien,Martine Leleu
M,45,cuisinier,Zacharie de Lacombe
F,32,concepteur-rédacteur,Zacharie de Lacombe
F,38,bottier,Maurice Carre de la Jacquot
F,47,conseiller sportif sportive en salle de remise en forme,Maurice Carre de la Jacquot
M,36,maraîcher,Robert-Alfred Labbe
F,45,palefrenier,Martine Leleu
F,26,responsable de projets culturels,Joseph-David Peron
F,51,ingénieur en imagerie médicale,Claire Etienne-Thibault
F,47,ingénieur en caractérisation des matériaux,Maurice Carre de la Jacquot
F,25,responsable du service après-vente,Zacharie de Lacombe
M,41,parfumeur,Maurice Carre de la Jacquot
M,31,rédacteur territorial territoriale,Joseph-David Peron
F,29,credit manager,Joseph-David Peron
M,52,conducteur de travaux  agricoles,Claire Etienne-Thibault
M,31,salesman,Joseph-David Peron
F,54,caissier,Maurice Carre de la Jacquot
M,28,conseiller d'élevage,Zacharie de Lacombe
M,27,régleur,Maurice Carre de la Jacquot
M,32,iconographe,Claire Etienne-Thibault
M,50,animateur 2D et 3D,Patrick Le Goff
F,53,développeur informatique,Claire Etienne-Thibault
M,46,directeur de la photographie,Claire Etienne-Thibault
M,35,boulanger,Zacharie de Lacombe
F,32,élagueur,Joseph-David Peron
F,52,directeur d'accueil collectif de mineurs (ACM),Robert-Alfred Labbe
M,27,technico-commercial en agroalimentaire,Zacharie de Lacombe
F,55,matelot de la marine marchande,Zacharie de Lacombe
F,35,éducateur sportif sportive des activités aquatiques et de la natation,Maurice Carre de la Jacquot
M,30,directeur de la photographie,Robert-Alfred Labbe
M,34,énergéticien,Zacharie de Lacombe
F,35,officier de l'armée de terre,Claire Etienne-Thibault
F,49,officier de police,Zacharie de Lacombe
M,29,statisticien en analyse sensorielle,Zacharie de Lacombe
M,47,conseiller pénitentiaire d'insertion et de probation,Olivie Deschamps-Torres
F,51,souffleur de verre,Robert-Alfred Labbe
M,41,agent hydrothermal hydrothermale,Claire Etienne-Thibault
F,52,ingénieur forage,Zacharie de Lacombe
M,53,rudologue,Robert-Alfred Labbe
F,32,consultant green IT,Robert-Alfred Labbe
F,32,ingénieur d'application,Zacharie de Lacombe
M,51,credit manager,Zacharie de Lacombe
F,41,mécanicien et technicien,Claire Etienne-Thibault
M,42,expert immobilier immobilier,Zacharie de Lacombe
M,45,ingénieur textile,Patrick Le Goff
F,43,médecin humanitaire,Robert-Alfred Labbe
F,41,paysagiste,Maurice Carre de la Jacquot
F,55,infirmier humanitaire,Zacharie de Lacombe
M,50,veilleur stratégique,Joseph-David Peron
M,44,directeur des services pénitentiaires,Claire Etienne-Thibault
M,55,gardien de police municipale,Zacharie de Lacombe
M,40,technicien céramiste,Maurice Carre de la Jacquot
M,42,chercheur en biologie,Martine Leleu
M,44,ingénieur en électronique numérique,Claire Etienne-Thibault
F,31,ingénieur d'application,Joseph-David Peron
F,50,administrateur de mission humanitaire,Martine Leleu
F,31,musicien,Joseph-David Peron
M,46,ingénieur méthodes mécaniques,Maurice Carre de la Jacquot
M,41,ingénieur concepteur conceptrice en mécanique,Zacharie de Lacombe
F,32,coiffeur,Olivie Deschamps-Torres
F,45,attaché d'administration,Robert-Alfred Labbe
M,53,pilote d'hélicoptère,Zacharie de Lacombe
M,45,chargé des relations publiques,Claire Etienne-Thibault
F,41,analyste financier,Zacharie de Lacombe
M,41,façonnier des industries graphiques,Claire Etienne-Thibault
F,49,énergéticien,Zacharie de Lacombe
M,37,ajusteur-monteur,Zacharie de Lacombe
M,27,gérant de restauration collective,Zacharie de Lacombe
M,42,ingénieur qualité moteur,Robert-Alfred Labbe
M,49,intégrateur web,Maurice Carre de la Jacquot
M,40,souscripteur,Zacharie de Lacombe
F,26,responsable de réseau d'assainissement,Robert-Alfred Labbe
M,31,chef d'exploitation des remontées mécaniques,Claire Etienne-Thibault
M,37,chargé de recherche et développement déchets,Joseph-David Peron
F,43,entraîneur de chevaux,Claire Etienne-Thibault
M,49,web-ergonome,Claire Etienne-Thibault
F,27,technicien en traitement des matériaux,Zacharie de Lacombe
M,29,développeur d'applications mobiles,Robert-Alfred Labbe
M,26,greffier,Zacharie de Lacombe
M,52,architecte,Maurice Carre de la Jacquot
M,32,gestionnaire actif/passif,Claire Etienne-Thibault
M,37,astrophysicien,Maurice Carre de la Jacquot
M,33,manipulateur en électroradiologie médicale,Maurice Carre de la Jacquot
M,44,vendeur en magasin,Maurice Carre de la Jacquot
M,38,responsable de laboratoire de contrôle en chimie,Claire Etienne-Thibault
F,33,ingénieur production en aéronautique,Joseph-David Peron
F,40,ingénieur structures,Robert-Alfred Labbe
M,53,développeur informatique,Patrick Le Goff
M,49,restaurateur d'oeuvres d'art,Patrick Le Goff
F,27,conducteur de machine onduleuse,Maurice Carre de la Jacquot
F,52,chef de projet multimédia,Maurice Carre de la Jacquot
M,55,auditeur externe,Claire Etienne-Thibault
M,54,sculpteur sur bois,Joseph-David Peron
M,46,pédicure-podologue,Joseph-David Peron
F,32,chef de produit technique en informatique,Zacharie de Lacombe
F,31,technicien automobile,Olivie Deschamps-Torres
F,46,éclairagiste,Zacharie de Lacombe
M,27,chargé hygiène sécurité environnement (HSE),Maurice Carre de la Jacquot
F,52,chargé des relations publiques,Zacharie de Lacombe
F,32,ingénieur qualité moteur,Martine Leleu
F,52,consignataire de navire,Maurice Carre de la Jacquot
M,36,ethnologue,Robert-Alfred Labbe
M,39,opérateur de fabrication de produits alimentaires,Joseph-David Peron
M,31,géographe,Martine Leleu
M,32,barman,Zacharie de Lacombe
F,33,architecte réseaux,Joseph-David Peron
F,28,chargé de valorisation de la recherche,Zacharie de Lacombe
M,28,économètre statisticien,Claire Etienne-Thibault
F,46,greffier,Patrick Le Goff
M,48,ingénieur en énergie solaire,Maurice Carre de la Jacquot
M,43,toiletteur d'animaux,Maurice Carre de la Jacquot
F,55,architecte d'intérieur,Zacharie de Lacombe
M,29,cordiste,Maurice Carre de la Jacquot
M,26,monteur en installations thermiques et climatiques,Robert-Alfred Labbe
F,38,consultant SaaS,Zacharie de Lacombe
M,36,pilote de ligne automatisée (chimie - agroalimentaire - industrie pharmaceutique),Maurice Carre de la Jacquot
F,46,responsable de fabrication en chimie,Claire Etienne-Thibault
F,27,géologue modélisateur,Joseph-David Peron
M,25,expert immobilier immobilier,Maurice Carre de la Jacquot
M,44,géotechnicien,Martine Leleu
F,39,commercial à bord des trains,Robert-Alfred Labbe
F,31,responsable de fabrication en chimie,Claire Etienne-Thibault
M,29,hydrologue,Zacharie de Lacombe
F,42,ouvrier forestier forestière,Zacharie de Lacombe
M,47,gendarme,Maurice Carre de la Jacquot
F,28,conducteur de bus ou d'autocar,Zacharie de Lacombe
F,34,directeur de création,Zacharie de Lacombe
M,48,technicien de la circulation ferroviaire SNCF,Maurice Carre de la Jacquot
M,31,collecteur de fonds,Zacharie de Lacombe
F,52,expert immobilier immobilier,Zacharie de Lacombe
F,26,urbaniste,Zacharie de Lacombe
M,25,géothermicien,Zacharie de Lacombe
F,39,web-ergonome,Joseph-David Peron
M,32,mécanicien-réparateur en matériel agricole,Robert-Alfred Labbe
F,44,pharmacien,Zacharie de Lacombe
F,48,astrophysicien,Zacharie de Lacombe
M,30,directeur d'agence bancaire,Maurice Carre de la Jacquot
M,35,rédacteur territorial territoriale,Martine Leleu
F,48,technicien démonstrateur démonstratrice en matériel agricole,Claire Etienne-Thibault
M,52,technicien de l'intervention sociale et familiale,Maurice Carre de la Jacquot
M,27,domoticien,Maurice Carre de la Jacquot
M,46,géologue minier,Maurice Carre de la Jacquot
F,47,cartographe,Zacharie de Lacombe
F,42,solier-moquettiste,Patrick Le Goff
M,49,masseur,Joseph-David Peron
F,32,inséminateur,Robert-Alfred Labbe
F,35,agent de propreté et d'hygiène,Zacharie de Lacombe
F,26,océanologue,Zacharie de Lacombe
M,35,horticulteur,Zacharie de Lacombe
F,44,chargé de production,Robert-Alfred Labbe
M,41,analyste financier,Claire Etienne-Thibault
M,47,web-ergonome,Claire Etienne-Thibault
M,32,mécatronicien,Zacharie de Lacombe
M,55,ingénieur gaz,Robert-Alfred Labbe
F,41,chef d'exploitation des remontées mécaniques,Maurice Carre de la Jacquot
M,33,responsable de scierie,Zacharie de Lacombe
M,31,responsable de laboratoire de recherche,Maurice Carre de la Jacquot
F,32,ingénieur matériaux,Martine Leleu
F,40,directeur artistique,Claire Etienne-Thibault
M,39,mécanicien d'entretien d'avion,Zacharie de Lacombe
M,51,orthoptiste,Maurice Carre de la Jacquot
F,44,critique d'art,Joseph-David Peron
M,35,technicien des industries du verre,Maurice Carre de la Jacquot
M,30,traducteur technique,Joseph-David Peron
F,47,ergothérapeute,Joseph-David Peron
M,25,chargé d'études économiques,Zacharie de Lacombe
M,50,relieur-doreur,Claire Etienne-Thibault
F,39,plombier,Joseph-David Peron
F,44,officier de l'armée de terre,Martine Leleu
F,37,attaché d'administration,Maurice Carre de la Jacquot
F,35,zoologiste,Olivie Deschamps-Torres
M,47,rédacteur on line,Maurice Carre de la Jacquot
M,28,pharmacien,Maurice Carre de la Jacquot
F,42,mécanicien et technicien,Zacharie de Lacombe
F,47,manipulateur en électroradiologie médicale,Zacharie de Lacombe
M,37,chocolatier-confiseur,Zacharie de Lacombe
M,42,expert immobilier immobilier,Joseph-David Peron
F,42,plâtrier,Olivie Deschamps-Torres
F,49,scénariste,Maurice Carre de la Jacquot
M,25,agent artistique,Claire Etienne-Thibault
F,31,secrétaire,Joseph-David Peron
F,41,conservateur du patrimoine,Joseph-David Peron
M,33,responsable du recrutement,Robert-Alfred Labbe
F,44,rédacteur en chef,Robert-Alfred Labbe
M,27,militaire technicien de l'air (MTA),Maurice Carre de la Jacquot
M,39,agent général générale d'assurances,Maurice Carre de la Jacquot
F,32,animateur de radio et de télévision,Claire Etienne-Thibault
F,27,ingénieur en électronique numérique,Claire Etienne-Thibault
M,45,consultant en conduite de changement,Claire Etienne-Thibault
F,45,assistant de gestion en PME,Martine Leleu
F,40,directeur de magasin à grande surface,Maurice Carre de la Jacquot
M,51,ingénieur environnement,Martine Leleu
F,39,parfumeur,Zacharie de Lacombe
M,46,géomaticien,Zacharie de Lacombe
M,50,modiste,Martine Leleu
F,38,assistant commercial commerciale,Joseph-David Peron
F,27,rédacteur on line,Martine Leleu
F,26,volcanologue,Zacharie de Lacombe
M,25,ingénieur en imagerie médicale,Claire Etienne-Thibault
M,25,ingénieur support,Zacharie de Lacombe
F,40,directeur de la photographie,Martine Leleu
F,29,nivoculteur,Joseph-David Peron
M,28,responsable de production alimentaire,Patrick Le Goff
F,33,géomètre-topographe,Zacharie de Lacombe
M,50,grutier,Zacharie de Lacombe
F,38,ingénieur forage,Maurice Carre de la Jacquot
M,45,biologiste médical,Maurice Carre de la Jacquot
F,46,conseiller en environnement,Zacharie de Lacombe
M,34,chargé de production,Zacharie de Lacombe
M,32,"psychologue de l'éducation nationale spécialité éducation, développement et conseil en orientation scolaire et professionnelle",Claire Etienne-Thibault
M,34,consultant en validation,Maurice Carre de la Jacquot
F,54,ouvrier paysagiste,Zacharie de Lacombe
M,36,chef de mission humanitaire,Martine Leleu
F,27,chargé de communication interne,Joseph-David Peron
F,38,régisseur de spectacles,Zacharie de Lacombe
M,52,artiste de cirque,Maurice Carre de la Jacquot
M,46,chef de projet démantèlement nucléaire,Claire Etienne-Thibault
M,36,modéliste,Robert-Alfred Labbe
F,39,chargé de communication interne,Robert-Alfred Labbe
F,45,responsable de formation,Claire Etienne-Thibault
F,34,technicien de maintenance en informatique,Maurice Carre de la Jacquot
F,55,administrateur de mission humanitaire,Zacharie de Lacombe
M,52,aide-chimiste,Maurice Carre de la Jacquot
M,49,soigneur d'animaux,Maurice Carre de la Jacquot
M,28,informaticien industriel industrielle,Claire Etienne-Thibault
M,43,technicien paysagiste,Claire Etienne-Thibault
F,54,étalagiste,Maurice Carre de la Jacquot
M,45,responsable du service après-vente,Joseph-David Peron
F,34,contrôleur technique automobile,Joseph-David Peron
F,52,officier de la marine marchande,Joseph-David Peron
M,33,climatologue,Maurice Carre de la Jacquot
F,43,enseignant humanitaire,Maurice Carre de la Jacquot
F,54,agent général générale d'assurances,Patrick Le Goff
F,44,ingénieur en génie climatique,Claire Etienne-Thibault
M,55,ingénieur biomédical biomédicale,Maurice Carre de la Jacquot
F,43,technicien électronicien électronicienne,Zacharie de Lacombe
M,31,économe de flux,Zacharie de Lacombe
F,34,expert en assurances,Patrick Le Goff
M,36,responsable achats en chimie,Martine Leleu
M,27,ingénieur logistique,Zacharie de Lacombe
M,55,ingénieur écoconcepteur écoconceptrice,Maurice Carre de la Jacquot
M,55,ingénieur en construction automobile,Olivie Deschamps-Torres
M,27,astrophysicien,Zacharie de Lacombe
F,42,animalier de laboratoire,Zacharie de Lacombe
F,26,assistant en ressources humaines,Maurice Carre de la Jacquot
F,36,ingénieur électricien,Claire Etienne-Thibault
M,49,chef de projet informatique,Joseph-David Peron
M,45,couvreur,Zacharie de Lacombe
M,29,ingénieur production en aéronautique,Claire Etienne-Thibault
M,54,"ingénieur fluides, énergies, réseaux, environnement",Claire Etienne-Thibault
F,47,monteur-câbleur,Maurice Carre de la Jacquot
F,27,juriste d'entreprise,Zacharie de Lacombe
M,35,mécanicien d'entretien d'avion,Claire Etienne-Thibault
F,26,responsable du back office,Zacharie de Lacombe
F,38,coffreur-boiseur,Zacharie de Lacombe
M,26,géochimiste,Martine Leleu
F,30,dépanneur en électroménager,Claire Etienne-Thibault
M,37,solier-moquettiste,Zacharie de Lacombe
M,26,trader,Maurice Carre de la Jacquot
F,52,formateur d'adultes,Zacharie de Lacombe
F,27,façonnier des industries graphiques,Maurice Carre de la Jacquot
F,27,ingénieur forage,Joseph-David Peron
M,29,ingénieur production en mécanique,Joseph-David Peron
M,35,podo-orthésiste,Robert-Alfred Labbe
M,26,ingénieur efficacité énergétique du bâtiment,Zacharie de Lacombe
M,28,reporter-photographe,Claire Etienne-Thibault
F,32,urbaniste,Zacharie de Lacombe
M,50,technicien céramiste,Maurice Carre de la Jacquot
F,54,chargé de production,Maurice Carre de la Jacquot
M,47,mandataire judiciaire,Patrick Le Goff
M,36,technicien thermicien thermicienne,Zacharie de Lacombe
F,27,chef de projet packaging,Maurice Carre de la Jacquot
F,32,agent immobilier immobilière,Olivie Deschamps-Torres
F,29,assistant en études de prix,Claire Etienne-Thibault
M,38,électromécanicien,Zacharie de Lacombe
M,53,employé d'élevage,Zacharie de Lacombe
M,30,expert-comptable,Maurice Carre de la Jacquot
M,37,directeur artistique,Martine Leleu
M,51,sérigraphe,Robert-Alfred Labbe
M,49,garde à cheval,Maurice Carre de la Jacquot
M,35,ergothérapeute,Claire Etienne-Thibault
F,38,directeur de golf,Joseph-David Peron
M,34,accompagnateur de tourisme équestre,Zacharie de Lacombe
F,29,agent de propreté urbaine,Zacharie de Lacombe
F,25,musicien,Zacharie de Lacombe
M,48,audioprothésiste,Maurice Carre de la Jacquot
M,40,cordonnier,Maurice Carre de la Jacquot
M,54,expert bilan carbone,Martine Leleu
M,32,femme de chambre,Maurice Carre de la Jacquot
F,27,géographe,Joseph-David Peron
F,39,juriste en propriété intellectuelle,Zacharie de Lacombe
M,38,technicien d'intervention clientèle gaz,Martine Leleu
F,34,officier de la Marine nationale,Maurice Carre de la Jacquot
M,53,costumier,Maurice Carre de la Jacquot
M,42,contrôleur des douanes et droits indirects,Joseph-David Peron
M,34,pharmacien dans l'industrie,Olivie Deschamps-Torres
F,30,soigneur d'animaux,Zacharie de Lacombe
M,50,responsable de laboratoire de contrôle en chimie,Joseph-David Peron
F,38,assistant maternel maternelle,Zacharie de Lacombe
F,35,expert immobilier immobilier,Claire Etienne-Thibault
F,52,analyste de crédit,Zacharie de Lacombe
