nom,adresse,classe,naissance,trajet
Joseph Chretien,"63, rue Lagarde
46217 Sainte Bertrand-la-Forêt",1A,2006-06-13,3
Lucy Guibert du Lefebvre,"10, chemin de Thibault
97792 Rocherdan",1A,2005-03-27,9
Nicolas Schneider,"avenue Claude Coste
45087 GerardVille",1A,2004-09-06,20
Marcelle-Odette Mallet,"90, rue Lamy
35648 Maillot",1A,2005-07-27,30
Maurice Lambert,"18, chemin Hélène Bruneau
78865 Grenier",1A,2004-11-09,37
Thibault-Arthur Ruiz,"95, avenue Ribeiro
05980 Morin",1A,2006-08-30,6
Aimée Le Gall,"23, boulevard Édouard Vaillant
56867 Coste",1A,2004-05-01,18
Chantal Arnaud,"81, rue de Faure
46858 Saint Marthe-la-Forêt",1A,2004-01-22,39
Catherine Gerard,"121, rue de Dupuis
53806 Rousseau",1A,2005-05-03,24
André de Gaudin,"7, boulevard Rémy Bigot
54801 Roux",1A,2005-03-06,17
Alphonse-Gabriel Grenier,"16, avenue Sébastien Parent
66401 Gregoireboeuf",1A,2006-08-10,9
Émile Roger,"61, avenue de Dubois
85142 Saint Margot",1A,2004-09-12,40
Corinne Bouvier,"806, rue Marie Bertrand
93256 Delannoy-la-Forêt",1A,2004-01-23,23
Gilbert de Alves,"89, boulevard de Poulain
68511 Berger",1A,2005-08-08,25
Robert Lefebvre,"9, avenue Ribeiro
33262 Coulondan",1A,2006-03-05,23
Claudine Pasquier,"852, rue Couturier
73972 Gomezdan",1B,2006-06-04,8
Camille Delmas de Petitjean,"45, rue Toussaint
83740 Raynaud",1B,2006-03-06,45
Michelle-Margot Vidal,"30, boulevard Gabriel Guillaume
62142 Brunet",1B,2006-10-29,6
Alice Legendre de Julien,"665, boulevard Gérard Mathieu
54839 Dupre",1B,2005-07-25,1
Isaac Gimenez,"89, rue Jean Lefebvre
98793 Bonneauboeuf",1B,2004-11-04,7
Maurice Vallet du Fabre,"chemin André Vaillant
00344 Dubois",1B,2005-06-03,19
Émile Leduc,"5, boulevard Nicolas Rey
23610 Fouquet-sur-Levy",1B,2006-01-05,27
Valentine Robin,"15, rue de Delorme
70900 Barthelemynec",1B,2006-01-16,10
Margot Lebon,"5, boulevard de Guibert
06220 Bessondan",1B,2005-02-17,17
Michel Pinto,"64, avenue de Francois
97104 Petitjean",1B,2006-11-09,34
Marthe Colin,"900, avenue de Leveque
28773 Sauvage",1B,2004-05-13,25
Adrien Meyer,"boulevard Patrick Gomez
98855 Weber-sur-Denis",1B,2004-07-04,16
Monique Dupuy,"7, chemin Julien Marchand
29254 Boulanger",1B,2007-01-02,41
Véronique Maillot,"759, rue Weiss
61947 Huet",1B,2005-11-30,36
Georges-Denis Ferreira,"352, avenue Grégoire Leroux
20706 Ruiz-sur-Mer",1B,2004-10-19,38
Emmanuel Rousset,"628, boulevard Dominique Guillon
22661 Berthelot-sur-Gerard",1B,2005-09-25,40
Yves-Timothée Colin,"avenue Gérard Riviere
34356 Saint Sylvie-sur-Mer",1B,2004-06-12,29
Arthur Allain de la Gay,"92, boulevard Christophe Paul
72055 Maillard-sur-Martins",1B,2004-10-06,17
René Roussel,"80, avenue de Guillot
37879 Peltier",1B,2004-12-12,22
Roger Dupont,"496, avenue Leveque
57222 Sainte Dorothéenec",1B,2006-06-03,14
Franck Muller de Deschamps,"75, rue de Coulon
49359 Lemaireboeuf",1B,2005-07-10,42
Sébastien Pages,"86, rue Marie Noel
45573 Roy-les-Bains",1B,2004-05-26,8
Nathalie Dos Santos du Guerin,"8, chemin de Roux
83363 Berger-sur-Boucher",1C,2005-08-03,18
Julie Lenoir,"47, chemin Wagner
05185 Sainte Claudine",1C,2004-05-31,18
Louis Thibault,"99, rue de Le Goff
71480 Bouchernec",1C,2006-07-07,39
Nicole de la Dumas,"428, rue Alexandre Chauvin
41046 Jacques",1C,2006-09-09,27
Grégoire Regnier de Dupuy,"90, rue Éric Noel
95433 Pelletier",1C,2004-01-24,7
Catherine Payet du Collin,"avenue Simone Lemoine
02328 Lemaire-sur-Mace",1C,2006-01-25,44
Michèle Andre,"82, boulevard de Poulain
74981 Leleu",1C,2006-05-14,27
Corinne du Ferreira,"7, rue Lambert
52993 Gilles-sur-Mer",1C,2006-10-02,43
Édouard Simon,"35, rue Brunel
92367 Lacroix",1C,2004-08-29,2
Théophile Guibert,"530, rue de Sanchez
02177 Clement-les-Bains",1C,2006-07-27,36
Valérie Morvan,"23, rue Lemaitre
19056 LejeuneVille",1D,2004-03-24,8
Joséphine Gaillard,"8, rue Christelle Coulon
20941 Bazin",1D,2005-01-12,6
Christophe du Seguin,"rue Lucy Dias
10528 Dupuis",1D,2006-06-15,23
Guy Diallo-Lebreton,"rue Christine Hoarau
67052 Maillardnec",1D,2005-01-12,2
Yves Ramos,"77, avenue Ruiz
06629 Barre",1D,2004-01-17,10
Jules Martel-Delorme,"2, avenue de Baron
14414 Sainte Madeleine",1D,2004-12-06,9
David Morvan,"21, chemin Dumas
99138 Clerc",1D,2006-02-01,11
Julie Morvan,"13, avenue Olivier Marie
32052 Guilbert",1D,2004-01-18,2
Denis Maury-Bertrand,"66, rue Isabelle Lecomte
65179 Legendre",1D,2004-07-16,38
Guillaume Renard-Perret,"avenue de Gomes
70350 Bouchet-sur-Loiseau",1D,2005-07-30,4
Roger Lebrun-Hebert,"72, boulevard Hugues Lenoir
25918 Rocherboeuf",1D,2004-02-18,2
Gérard Hardy,"4, boulevard Fernandes
48719 Ollivier-sur-Pereira",1D,2006-07-30,22
Michelle Blondel,"475, rue Madeleine Pruvost
43772 Barbier-sur-Dupuy",1D,2004-03-09,19
Joséphine Fabre du Pereira,"avenue Marc Besnard
83282 Sainte Pauline",1D,2006-12-08,19
Guillaume Verdier de Dumas,"85, rue Dos Santos
13497 Samson",1D,2004-01-25,32
Henriette Gaillard,"85, rue Jacques Levy
01007 Sainte SimoneVille",1D,2005-02-11,10
Jeannine Dufour,"99, chemin de Bruneau
31503 Sainte Marieboeuf",1D,2006-07-11,11
Luc Lopes,"57, chemin Descamps
27831 HumbertVille",1E,2005-02-03,3
Alex Laine de la Begue,"328, rue Jacques
32022 RenaudVille",1E,2006-08-25,21
Thibault Aubert de Coste,"63, avenue de Blot
32624 Coulondan",1E,2005-05-07,42
Laurence Texier,"626, rue de Mercier
91263 Pasquier",1E,2004-08-14,4
Capucine-Monique Lombard,"6, chemin Bernard Vincent
08988 Nicolasboeuf",1E,2004-03-19,0
Sabine-Christine Guillaume,"56, rue de Masse
82208 Beckerboeuf",1E,2005-01-28,43
Michelle Costa,"959, chemin Sylvie Labbe
84213 Sanchez",1E,2005-02-10,44
Lucie Renard,"5, boulevard de Roger
48240 Sainte Moniquenec",1E,2004-08-10,20
Bernard Marion,"3, rue Mathilde Ledoux
96830 Gomez",1E,2006-12-25,14
Auguste de la Riviere,"22, rue Vincent
70242 Albert",1E,2005-05-26,8
Pauline Martineau,"boulevard Leconte
69081 Meyer",1E,2005-05-25,26
Marthe David,"94, chemin de Roger
87327 Peltier-sur-Mer",1E,2004-07-31,16
Émile Foucher de la Henry,"6, avenue Paris
56007 Rollandnec",1E,2006-04-21,25
Martine Guillaume,"965, boulevard de Bertrand
60731 Fernandes",1E,2006-10-03,44
Anne-Élodie Lebreton,"rue Paris
13933 Sainte Brigittedan",1E,2006-05-18,31
Catherine du Rey,"98, boulevard Patricia Colin
48889 Giraud-les-Bains",1E,2006-01-14,5
Françoise Le Roux du Pages,"avenue de Evrard
36957 Carre",1E,2004-06-10,25
Nathalie Launay-Gonzalez,"10, avenue Emmanuel Martinez
47330 Rolland-sur-Delattre",1E,2005-05-21,39
Mathilde Reynaud,"22, avenue Leclerc
04102 Alexandre",1E,2006-06-17,44
Maggie-Emmanuelle Levy,"avenue de Gregoire
89144 Gomes",1F,2004-05-01,43
Joseph Perrin,"874, boulevard Ferrand
63082 Rousset-sur-Mer",1F,2004-07-10,24
Isaac Dumas,"84, rue Neveu
23417 Auger",1F,2005-04-19,7
Chantal-Arnaude Hamel,"67, boulevard de Chauvet
61232 WeberBourg",1F,2006-09-24,9
Guy Levy-Leclercq,"2, rue Millet
80920 Regnier",1F,2004-09-16,26
Hélène Dupre,"94, rue Gilles Dubois
38926 Sainte Charlottenec",1F,2004-09-20,8
Isabelle de Texier,"8, rue de Marion
92957 Sainte Luc",1F,2006-02-18,16
Hélène Faure,"65, rue Nicole Berger
14990 Costa",1F,2005-10-12,9
Olivier Texier,"98, chemin Boulay
54107 Fischer-sur-Fabre",1F,2005-09-11,39
Marianne de Godard,"boulevard Weber
00874 Sainte Jean",1F,2005-04-16,7
Mathilde Besson,"36, chemin Francois
69383 Wagner",1F,2004-08-01,21
Claude Blin,"rue de Collet
78384 Gilbert",1F,2006-04-07,21
Charlotte de la Dupuis,"rue Joséphine Ferrand
99910 Le GallVille",1F,2005-09-14,25
Louis Hoarau,"29, rue Leclerc
74292 Moulin",1F,2005-01-28,22
Alfred Charrier,"90, chemin Alexandrie Jacquot
92127 Rocher",2A,2004-07-01,43
Raymond Le Voisin,"73, chemin Benjamin Gautier
07431 Rouxnec",2A,2006-08-10,35
André-Benoît Samson,"48, rue Payet
41311 Sainte Améliedan",2A,2004-01-30,34
Gilbert De Sousa,"rue Michelle Legros
49321 Barbier",2A,2004-03-10,19
Thomas Laurent,"boulevard de Duhamel
10587 Saint Gabriel",2A,2004-03-28,11
Gilbert Michaud,"96, rue Collin
68370 Parent",2A,2005-09-09,28
Xavier Dumas,"avenue Rodrigues
42888 BourgeoisBourg",2A,2005-08-13,38
Michèle Nguyen,"95, avenue Vidal
71694 BernardBourg",2A,2004-07-27,17
Alain Munoz,"84, avenue Chevallier
98481 Mariedan",2A,2004-05-09,35
Jérôme de Ribeiro,"97, avenue Nathalie Meunier
81882 Kleinnec",2A,2006-01-03,18
Pierre Brunet du Peron,"23, avenue de Gosselin
24627 Saint Monique-sur-Mer",2A,2004-02-13,38
Auguste Turpin,"avenue de Bernier
41499 Dupre-sur-Salmon",2A,2005-12-25,35
Hugues Guibert,"360, chemin Astrid Hoareau
89530 Gregoire",2A,2006-06-22,6
Paulette Bruneau,"5, chemin Maryse Huet
32561 Saint AugusteVille",2A,2006-06-17,39
Lucas Bonnet-Chevalier,"3, avenue Blondel
00838 Sainte Théodoredan",2A,2005-09-28,33
Lucie Boulay,"9, rue de Mace
05364 Leblanc",2A,2004-12-11,31
Théodore Delmas,"6, rue de Marin
50275 Huetdan",2A,2004-04-04,30
Philippe Guerin,"54, boulevard Picard
35038 Seguin",2B,2005-08-10,34
Monique Chevallier,"999, rue de Evrard
79054 Paul-les-Bains",2B,2005-06-09,17
Stéphanie Rousseau-Morel,"boulevard de Gros
98279 Hameldan",2B,2005-02-15,16
Gabriel Chartier de Munoz,"boulevard Fleury
24205 Pires",2B,2006-10-03,21
Denise Bruneau,"34, rue Perez
13288 Descamps",2B,2004-08-12,32
Michel Boucher-Valentin,"488, avenue Caron
70296 Saint Stéphane",2B,2005-03-24,34
daisy Mary Le Barthelemy,"avenue Inès Leroy
29788 Delaunay",2B,2006-11-11,30
Eugène Mary de la Martineau,"rue Lorraine Laporte
45573 Vidal",2B,2004-02-14,5
Augustin Regnier,"739, rue de Briand
69695 Sainte Joséphine",2B,2006-01-05,34
Michèle Diaz-Lucas,"437, rue Gauthier
62470 Rodrigues",2B,2005-04-27,13
Olivie Noel Le Aubry,"3, chemin Guibert
38667 Bergerboeuf",2B,2006-11-09,18
Thibaut Devaux,"chemin Deschamps
88478 Renaud",2B,2004-10-26,20
Capucine Charrier,"rue de Humbert
02228 Guillou",2B,2005-12-04,43
Élise Chretien,"47, rue Maurice Lambert
62354 Saint Gilbert",2B,2004-07-21,28
Augustin Gay,"rue Manon Valette
11902 Jourdan",2B,2006-04-09,41
Inès Mathieu-Peltier,"1, boulevard de Poirier
02872 Saint Yves",2B,2006-12-09,36
Thibaut Boucher,"74, chemin Nicolas Chauvin
70998 Martineauboeuf",2C,2006-07-04,6
Maurice Pierre,"71, rue Claudine Richard
47239 Bigot",2C,2006-10-10,43
Honoré Fabre,"chemin Costa
95463 Le Gall",2C,2004-10-18,35
Patricia Prevost,"89, rue de Huet
78712 Guillon-la-Forêt",2C,2004-06-12,1
Jacques Diallo,"avenue Bouvet
09931 Alves-les-Bains",2C,2006-12-03,24
Véronique Chartier,"chemin Bernadette Arnaud
61336 Breton-sur-Sanchez",2C,2004-04-08,32
Margaux Nicolas-Chauveau,"800, chemin Richard Martel
59731 BoyerVille",2C,2005-10-05,33
Jérôme Clerc du Pineau,"12, chemin de Techer
89000 Buisson-sur-Labbe",2C,2005-02-23,43
Bernadette Costa,"rue Clement
98816 Saint MartheVille",2C,2005-04-20,16
Aimée Le Bernard,"34, rue de Bourdon
67015 Mauryboeuf",2C,2006-07-08,34
Isaac Vallee-Roussel,"13, rue Guichard
51066 Sainte Joséphine",2C,2004-04-06,18
Émile Rocher,"470, avenue Susanne Bouvier
19844 Lecomte-sur-Chauveau",2C,2006-07-20,3
Patricia du Hardy,"52, avenue Morvan
86122 Joseph",2C,2005-02-18,17
Célina Le Lecoq,"29, rue Inès Gaillard
60760 Sainte Richard",2C,2004-07-15,37
Joséphine Leveque,"20, rue de Leroux
25291 Voisin",2D,2004-10-26,12
Arthur Lebreton,"rue Benoît Lefevre
30468 Chevalier",2D,2006-07-12,39
Claude Pages,"774, rue Guy Baudry
20865 Sainte Alfred",2D,2005-08-21,39
Charles Pires,"42, avenue de Gautier
88784 Ruiz",2D,2005-05-07,39
François Dias,"8, chemin Susanne Chretien
63775 Blanc-sur-Torres",2D,2004-09-20,32
Xavier Valette,"385, rue Grégoire Pelletier
49407 Simon-les-Bains",2D,2004-10-03,14
Margot Boulay,"702, rue de Godard
21149 Clementnec",2D,2005-08-05,31
Diane-Marthe Rolland,"boulevard Astrid Boulanger
58817 PierreVille",2D,2004-11-27,10
Antoine Petit-Leveque,"187, avenue Perret
00601 Rossi",2D,2006-11-24,26
Clémence Brunel,"7, rue de Potier
69243 Valette-sur-Mer",2D,2006-06-27,36
Julie du Carpentier,"23, avenue de Georges
20082 Ferreira-les-Bains",2D,2004-07-01,25
Gilles Delannoy,"71, chemin Leconte
11358 Chartierboeuf",2D,2004-09-18,13
Marcel Leroy,"65, rue Noël Labbe
41317 RollandBourg",2D,2005-06-30,14
Chantal Blanchet,"31, avenue de Auger
68042 Lemaire",2D,2004-08-29,23
Timothée Marty,"105, rue Perrot
30454 Gimenez",2D,2006-10-23,21
Denise Bodin,"27, avenue Philippe Lopes
28199 Brunel",2D,2004-02-26,19
Michelle Rocher,"63, chemin de Levy
46484 Lebrun",2E,2005-11-24,26
Antoine Bourdon,"27, chemin de Guerin
47490 Leconte",2E,2005-05-27,22
Victoire de la Maury,"4, rue Pineau
05900 Neveu",2E,2006-02-20,18
Célina Legrand de Baudry,"avenue Grégoire Lagarde
00160 Perret",2E,2006-09-11,25
André Hebert,"1, chemin Garcia
68990 Sainte Martine",2E,2004-03-02,36
Céline Ollivier-Bigot,"681, rue Brigitte Grondin
29874 Dupont",2E,2005-09-25,43
Christiane Masson-Joseph,"90, rue Manon Paul
22923 Roger-sur-Mer",2E,2006-08-18,0
Thierry Bourdon,"chemin Barre
04933 Laurent-sur-Fabre",2E,2005-12-14,41
Alain Blanc,"53, chemin de Techer
70740 Lecoq-sur-Clement",2E,2006-03-03,25
Léon-Bernard Legendre,"4, boulevard de Marty
61714 Sainte Anaïsboeuf",2E,2006-06-13,6
Christine-Maryse Chauvin,"20, boulevard de Leroux
89557 MarquesBourg",2E,2006-07-07,28
Benjamin Le Blondel,"77, rue Perez
66753 MeunierVille",2E,2005-01-23,39
Anaïs Gillet-Buisson,"96, chemin Juliette Fernandes
87305 Meunier",2E,2004-02-06,27
Antoine Rodrigues,"1, rue de Joseph
04491 Colin-sur-Mer",2F,2005-09-06,22
Hélène Le Valette,"6, avenue Ferreira
21157 Sainte Georges-les-Bains",2F,2006-01-06,0
Margaret Bousquet,"50, rue de Merle
33966 De Oliveira-les-Bains",2F,2004-02-15,44
Jérôme Auger du Lecoq,"95, boulevard William Andre
27296 Sainte Agathe",2F,2004-11-30,17
Laetitia du Bernard,"48, boulevard Benoît De Sousa
51544 GomesBourg",2F,2006-12-05,32
Marie Guichard-Lacroix,"13, boulevard de Coulon
35829 Martineau-sur-Remy",2F,2006-06-03,7
Alexandrie Denis,"79, rue Launay
50385 Rey",2F,2005-03-02,9
Nicolas Poirier-Jacquot,"62, rue Martins
12959 Pichon",2F,2006-06-24,32
Gilbert Paris,"44, boulevard de Descamps
03093 Blondel",2F,2004-04-19,17
Denis Alexandre,"95, rue Brunel
30023 Saint Clairenec",2F,2005-07-27,13
François Imbert,"352, rue Reynaud
01056 Devauxnec",2F,2005-03-13,0
Adrien Clement,"18, chemin de Chauvin
55251 Saint Yves",2G,2005-05-10,8
Claudine Samson,"30, rue de David
30300 Saint Clémencenec",2G,2006-07-20,35
André Boutin,"40, chemin de Marty
68031 Dias",2G,2004-03-07,44
Arthur Blanchet,"41, avenue Teixeira
83799 Fouquetdan",2G,2006-02-14,0
Christelle Schmitt,"rue Potier
65685 Guyot",2G,2005-04-20,39
Martin-Théodore Rodrigues,"54, rue Maurice
47580 ThomasBourg",2G,2004-06-13,24
Éléonore-Jeanne Cousin,"rue Sylvie Julien
70923 Saint Thibaut",2G,2006-10-27,19
Adèle Bernier,"53, boulevard Christiane Lemaitre
14484 Lebon",2G,2006-05-04,26
Anne Paris,"rue de Collet
10211 Chevallier",2G,2006-01-25,45
Guillaume Bodin-Weiss,"rue de Jourdan
38270 Saint Agathe",2G,2006-03-16,22
Nicolas Collet,"96, rue Margaux Dufour
04185 Reynaud-sur-Becker",2G,2005-06-25,5
Charles-David Le Goff,"10, rue Schneider
27188 LacombeBourg",2H,2005-07-02,13
Élise Valentin-Lagarde,"720, avenue de Meyer
42752 Saint Nicolas",2H,2005-10-08,0
Madeleine Bonnin,"261, chemin Margaud Raynaud
35181 Ferranddan",2H,2006-03-12,19
Georges Delattre,"83, chemin Jean Bouvier
79524 Foucher-sur-Mer",2H,2006-11-06,17
Louise Hamel,"79, rue Guilbert
66431 Pierre",2H,2005-10-30,3
Aurélie Moreno-Lamy,"40, boulevard de Klein
79870 Laine",2H,2004-11-26,25
Geneviève Becker,"92, rue Torres
88941 Saint Théodore",2H,2005-01-14,5
Chantal Laporte,"avenue Bonnin
96374 Lacombe",2H,2006-07-04,3
Éric de la Bonnet,"39, rue Raymond Fournier
72059 LambertBourg",2H,2004-09-28,30
Jeannine-Aimée Hardy,"29, rue Garnier
66654 Lambert",2H,2005-01-11,24
Victoire Bousquet,"893, avenue Claude Da Costa
12196 Saint Aurore-la-Forêt",2H,2005-06-29,44
Vincent Duhamel,"98, rue Dupont
64089 Lecomtedan",2H,2005-03-30,25
Lucas Gerard-Marie,"990, rue Vaillant
63625 Saint Jérômeboeuf",2H,2006-03-01,16
Frédérique Moreau de la Neveu,"638, rue de Brunel
75311 AllainBourg",2H,2006-04-12,33
Léon Lejeune,"9, boulevard Guilbert
83885 Bouvet-sur-Mer",2H,2005-04-18,20
Océane-Laure Benard,"45, rue Philippe Delahaye
54598 Lopes",2H,2004-01-27,45
Colette Guyot-Begue,"77, rue de Humbert
40639 Da Costa-la-Forêt",2I,2006-12-20,20
Mathilde Dufour,"27, chemin Paul Lefevre
20790 Sainte Françoisboeuf",2I,2004-08-19,22
Élisabeth Navarro,"chemin Nicole Fouquet
66120 Evrard-sur-Mer",2I,2004-10-09,28
Patrick Allain-Pelletier,"9, rue de Giraud
89807 Millet",2I,2005-10-21,12
Joséphine Guillou,"636, boulevard Anouk Cousin
65269 Sainte FranckVille",2I,2006-11-15,10
Timothée Leleu du Boucher,"5, rue Hortense Delannoy
24830 Delmas",2I,2004-03-21,35
Xavier Bonnin,"boulevard de Grondin
41880 Munoz",2I,2005-10-16,39
Christelle-Mathilde Collin,"rue de Ruiz
36142 Saint Victor",2I,2004-09-05,28
Brigitte Wagner,"32, avenue de Lenoir
52166 Lesage",2I,2006-12-05,17
Brigitte de De Oliveira,"rue Bonnin
46997 Guichard",2I,2005-10-13,23
Laetitia Gonzalez,"58, avenue Perrin
81564 Klein",2I,2004-02-13,20
Michelle Payet,"886, boulevard Gregoire
75892 Massonboeuf",2I,2004-09-28,0
Sophie Bouvier,"28, rue Emmanuel Lucas
64848 Saint DeniseBourg",2I,2004-08-26,34
Astrid Ferrand Le Gimenez,"chemin de Leconte
95435 Saint Alexboeuf",2I,2006-09-04,15
Xavier Andre,"679, rue Goncalves
13705 LevyVille",2I,2006-05-22,6
Yves de la Deschamps,"29, chemin Hardy
44955 Albert-sur-Mer",2I,2004-12-22,9
Tristan-Christophe Jacob,"4, boulevard Blot
46019 Bouchetboeuf",2I,2004-03-17,5
Grégoire de la Breton,"18, rue Diane Gilles
62807 Vaillant-les-Bains",2I,2006-12-20,25
Roland Raynaud Le Clerc,"67, boulevard de Herve
65728 Petit-sur-Mer",2I,2005-08-16,34
Odette Roussel-Lebon,"40, boulevard Masse
73135 Buisson-sur-Gimenez",2I,2006-07-31,29
Marie du Bailly,"12, chemin Sabine Andre
83512 Jacquot",2I,2004-10-27,24
Gilles Schneider,"boulevard Marine Samson
02813 AlbertVille",2I,2005-10-31,44
Henriette de la Guyot,"chemin de Lecoq
17182 Martins-sur-Guerin",2J,2004-07-28,3
René Toussaint de Coulon,"64, rue Collet
43151 Saint Carolineboeuf",2J,2006-08-30,11
Laurence-Maggie Gillet,"45, avenue de Gauthier
10001 Leclercboeuf",2J,2005-12-11,2
Jeanne-Lorraine Dubois,"boulevard de Muller
96919 Charpentier",2J,2006-09-23,19
Daniel Munoz,"42, boulevard de Leger
78059 Mendes",2J,2004-12-28,7
Jacqueline Mallet,"rue de Lambert
75925 Brunelnec",2J,2006-11-18,40
Tristan Laporte,"rue de Gaillard
70838 Mary-les-Bains",2J,2004-10-30,17
Zoé Germain,"56, rue Lambert
55932 Turpin",2J,2006-02-12,42
Sabine Laporte,"30, avenue Rocher
35713 Georges-les-Bains",2J,2004-11-30,22
Benjamin Fernandes,"143, rue Foucher
54245 DupontVille",2J,2004-07-25,8
Robert Mercier,"2, rue daisy Lefevre
56133 Valletdan",2J,2004-11-15,21
Olivie Faivre,"69, rue de Pruvost
89326 Sainte Michelle",2J,2004-04-15,44
Noël Philippe,"810, chemin Levy
94274 Dumas-sur-Deschamps",2J,2005-09-30,21
Sylvie-Virginie Vincent,"193, rue de Noel
54609 CostaVille",2J,2005-09-05,31
Antoine Pineau,"92, rue Chauvin
05042 Saint Gabrielledan",2J,2005-01-29,32
Gilles Fernandez,"18, boulevard de Vallet
34357 Sainte Charlotte",TA,2006-10-01,44
Margaud Guibert,"615, boulevard Philippe Paris
22630 Etienneboeuf",TA,2005-12-02,22
Vincent David-Launay,"62, chemin de Delahaye
15741 Guillot",TA,2006-04-24,3
Jules Pierre,"12, rue Duhamel
59277 Sainte Martin",TA,2006-11-01,26
Adrienne-Michèle Riviere,"95, chemin de Duhamel
12181 Ribeiro",TA,2005-12-04,2
Maggie Marques,"70, rue Seguin
84982 Guichard",TA,2006-01-06,16
Agnès Leroy,"2, avenue de Barbier
33190 Renard",TA,2004-12-19,36
Louise-Marguerite Martinez,"4, chemin Adèle Masse
92809 Saint Christophe",TA,2006-11-02,10
Richard-Franck Le Goff,"rue Isabelle Lefebvre
67334 Texierboeuf",TA,2006-11-03,18
Lucy-Maggie Gomez,"rue Giraud
43459 Denisdan",TA,2005-05-05,19
Gilbert Dos Santos,"54, avenue Emmanuel Fernandes
88840 Dufour",TA,2005-03-20,1
Emmanuel Roche,"12, avenue Guy Martinez
68423 Saint Agathe-les-Bains",TA,2004-08-07,26
Éric Samson,"avenue Capucine Thomas
07442 Joubert-sur-Riviere",TA,2004-05-09,26
Margaud Mallet,"19, rue Pasquier
71660 Perrier-sur-Muller",TA,2005-07-11,37
Jacques Launay-Hardy,"739, boulevard Langlois
59558 Saint Alicedan",TA,2004-06-03,3
Jean Le Dias,"4, rue de Buisson
78648 Sainte Étienne",TA,2004-08-02,29
Inès Paul,"614, avenue Dorothée Lagarde
02978 Sainte Benoît",TA,2005-08-05,1
Agnès du Barbier,"27, avenue de Fouquet
97900 Saint Clairedan",TA,2006-02-16,33
Christophe-Marc Moulin,"rue Masse
07503 Pascaldan",TA,2005-08-18,40
Laetitia Fournier,"35, avenue Bernard
03391 Gomez-la-Forêt",TB,2006-11-07,22
Adèle Noel,"chemin Célina Etienne
66480 Saint Nathalie",TB,2006-02-06,43
Pauline de la Imbert,"rue Hernandez
74312 Pottier",TB,2004-03-31,0
Hugues Rousseau,"78, rue de Poulain
63574 Sainte Guillaume",TB,2005-06-03,5
Pauline Besson Le Leclerc,"4, avenue de Rey
07436 Gaudin",TB,2006-01-11,27
Emmanuel Mendes,"609, chemin de Vincent
56357 Dumas",TB,2005-12-22,7
Éléonore de la Cordier,"8, avenue de Labbe
44396 Mace",TB,2005-05-14,11
Christophe Mercier Le Ramos,"71, rue Émile Louis
07243 Coulondan",TB,2005-07-30,43
Édouard Renault de Delorme,"chemin de Caron
99881 Saint Astrid-les-Bains",TB,2004-03-12,18
Colette-Gabrielle Cohen,"860, rue Marc Ribeiro
28912 Saint Dorothéeboeuf",TB,2006-07-28,10
Margaud Joseph Le Robert,"9, rue de Morel
91156 Guilbert-sur-Couturier",TB,2006-10-26,30
Alexandria Joly,"rue Lucas
19509 Toussaint-les-Bains",TB,2004-06-16,44
Xavier Leclercq Le Mace,"2, avenue Simone Chauvet
57494 Gonzalezdan",TB,2004-12-03,22
Olivie Dias,"chemin de Pascal
11583 Saint ClaudineBourg",TB,2005-07-03,12
Raymond-Roland Gaillard,"44, avenue Emmanuel Duhamel
60815 Meuniernec",TB,2006-02-26,40
Michel Sauvage,"54, chemin Hamon
67742 Germainboeuf",TB,2004-12-06,18
Laurence Cohen,"34, boulevard Gérard Gilbert
86707 Bousquet",TB,2006-05-19,14
Théophile Etienne du Morin,"boulevard Thérèse Petitjean
48289 Saint Thierry",TB,2006-08-30,17
Adrienne Weiss,"rue Vasseur
59851 Bruneauboeuf",TB,2006-11-13,22
Élisabeth Bouvier,"66, boulevard Garcia
82802 Roger-les-Bains",TB,2004-04-30,22
Céline Herve,"949, rue Payet
92706 PagesBourg",TC,2005-05-04,14
Patricia Maillard Le Diaz,"42, boulevard Delattre
94061 Marchand-sur-Mer",TC,2004-04-02,38
Valentine Barre,"7, rue de Normand
32769 Alves",TC,2005-05-27,31
Élisabeth Boulay,"3, chemin de Vallee
91510 Ferrandboeuf",TC,2005-04-09,24
Frédérique Philippe,"27, boulevard Charpentier
61120 Garnier",TC,2006-12-22,33
Alain Lejeune,"avenue de Joubert
72292 Alves",TC,2005-12-08,19
Sabine de la Berger,"49, boulevard Barre
60374 Saint Martin-la-Forêt",TC,2004-07-10,43
Stéphane Laine,"408, rue de Cohen
15872 Boulanger",TC,2004-02-26,3
Cécile Roussel,"14, avenue Astrid Nguyen
51113 Loiseau",TC,2004-08-13,33
Éléonore Jacquot,"boulevard Monique Leblanc
98589 Saint Maryse",TC,2005-09-29,19
Adrienne Hernandez,"78, chemin Blondel
05746 Renaud",TC,2006-06-14,19
Augustin Duval-Peron,"34, avenue de Descamps
40338 Sainte Clémence-sur-Mer",TC,2006-10-28,33
Jeannine Mace,"31, boulevard de Dumont
61202 Da SilvaVille",TC,2005-12-24,14
Édouard Michel,"avenue Chevalier
58917 Saint Camille",TC,2004-12-03,37
Pierre-Georges Le Goff,"892, avenue Auguste Morel
25391 Gosselinboeuf",TC,2004-07-30,22
Michel Leroux,"5, avenue Olivier Faure
05057 Le Goff",TC,2006-11-20,36
Grégoire Langlois,"boulevard Gérard Renard
49614 Saint Marie",TC,2004-02-10,39
Matthieu Poirier,"91, rue Margaret Rodriguez
51911 Joseph",TC,2004-04-09,1
Honoré Chartier du Morin,"60, rue de Chauvin
17738 Boucher",TC,2007-01-01,3
Joseph Godard-Boutin,"40, avenue Agathe Moulin
42179 Lefevre",TC,2006-12-31,42
Noémi Philippe,"81, rue Francois
19393 Bernier",TC,2005-07-11,39
Arnaude Huet,"3, rue Martin Blanchard
71031 Roux-sur-Chevallier",TC,2006-07-07,38
Suzanne Olivier,"971, boulevard Guillaume Robert
91804 LebretonBourg",TD,2004-08-13,36
William Mathieu,"99, boulevard Nath Pages
23113 Guilbert",TD,2006-02-16,34
Adélaïde Hamon,"677, chemin de Lesage
45342 Gallet",TD,2005-08-07,28
Guillaume-Daniel Sanchez,"chemin de Bourgeois
07477 Vaillant",TD,2006-02-02,18
Adrienne Couturier,"947, rue Baron
53895 Meyer",TD,2006-06-08,43
Gilbert-Thibault Neveu,"rue Verdier
02851 Potier-sur-Leroux",TD,2007-01-02,19
Marie Bruneau,"15, rue de Renaud
57601 Bodin",TD,2004-11-22,45
Robert Munoz,"198, rue Bazin
80716 Guillet",TD,2006-07-06,24
Georges de Marques,"41, avenue Perez
85864 Petit-les-Bains",TD,2005-10-12,21
Alix-Madeleine Da Costa,"4, rue de Muller
64565 Lefort",TD,2004-06-10,40
Lucas Albert,"5, avenue Jeanne Louis
75150 Sainte SophieVille",TD,2006-07-24,43
Diane Moreno,"34, rue Margaret Carlier
15136 Giraud-sur-Perret",TD,2005-09-07,1
Alphonse Le Leduc,"65, avenue Maurice Peltier
31154 Jacques-sur-Masse",TD,2006-02-19,30
daisy-Alice Rolland,"24, chemin Michaud
72608 Lacombe",TD,2006-04-16,9
Alexandre Garnier-Mallet,"24, chemin de Hubert
78554 De Oliveira",TE,2006-12-10,18
Gabriel-Matthieu Giraud,"870, rue de Bazin
50248 Bazin",TE,2007-01-02,45
Nicole-Émilie Marchal,"79, boulevard Albert
03924 Voisin-les-Bains",TE,2005-12-25,31
Frédérique Albert,"320, rue Deschamps
16875 Baudry",TE,2005-12-30,12
Laetitia Aubry,"296, avenue Hortense Martin
37312 Legrosdan",TE,2005-11-17,20
Gérard Jacques,"94, avenue Maggie Gaudin
14877 Gros",TE,2006-06-18,32
Robert du Martineau,"558, avenue Maggie Renaud
88026 Augerdan",TE,2004-07-24,14
Chantal Barbier,"68, chemin Valette
81371 AndreBourg",TE,2006-03-02,12
Charlotte Ollivier de Fabre,"45, rue David Laroche
00849 Lebreton",TE,2006-02-13,39
Caroline Perrot,"98, rue de Robert
26613 Gilles",TE,2006-08-15,8
Adrienne Antoine-Leger,"chemin Nath Laporte
84582 Leroux-la-Forêt",TE,2004-05-02,14
Matthieu-Arthur Georges,"3, rue Arnaude Ruiz
17970 Guyot-la-Forêt",TE,2004-10-20,20
Thomas Gosselin,"33, rue Legros
36187 Marques",TE,2006-12-22,7
Alix Albert,"90, rue Anne Delaunay
77313 Sainte Charles",TE,2006-08-30,12
Chantal Bailly-Louis,"78, chemin Verdier
08997 Peltier",TE,2006-08-14,18
Augustin Guillet Le Alexandre,"avenue Alfred Olivier
15267 PerrinVille",TE,2006-02-17,17
Alfred Millet-Lefort,"4, chemin de Sanchez
55953 Deschamps",TE,2005-06-04,6
Nath Renault de la Faure,"56, avenue Brunet
37913 Hamel-les-Bains",TE,2005-04-17,5
Catherine Coulon-Jacquot,"avenue de Menard
58179 Saint Andrédan",TE,2005-11-29,24
Olivier Lefort,"rue Élise Legros
97024 Delattre",TE,2004-03-29,18
Brigitte Pascal,"8, avenue Grenier
27732 Saint Théophile",TF,2005-10-04,21
Sabine Barre,"99, rue Petit
28303 Traore-sur-Letellier",TF,2004-09-15,0
Alfred Lemoine,"19, chemin Tristan Delmas
75616 TecherBourg",TF,2006-04-30,22
André-Franck Colas,"chemin de Nguyen
32661 OllivierVille",TF,2004-05-17,10
Christophe-Thomas Neveu,"88, rue Danielle Gillet
82171 Saint Noël",TF,2005-05-03,4
Honoré Vincent,"28, avenue Lucas Perrin
85163 Lambertdan",TF,2006-03-20,21
Andrée Maurice du Begue,"564, boulevard de Texier
13915 FerreiraVille",TF,2006-01-31,27
Véronique Noel-Laporte,"7, chemin Suzanne Garnier
54184 Sainte Émile-la-Forêt",TF,2006-01-17,19
Audrey Louis,"64, boulevard Claire Cousin
13603 Saint Susan-les-Bains",TF,2005-12-07,24
Constance Charrier,"75, avenue Gosselin
95500 Saint Augustin-les-Bains",TF,2006-05-17,12
Adélaïde-Mathilde Rolland,"66, boulevard de Didier
29235 Mercier",TF,2006-01-08,40
Alexandrie Gonzalez,"chemin de Coste
95082 Meyer",TF,2006-10-02,38
Capucine Traore,"rue de Normand
23711 Brunet-sur-Mer",TF,2005-11-01,6
Arnaude Nicolas,"79, avenue de Petitjean
95131 Saint Madeleinenec",TF,2005-05-07,20
Patrick Begue,"309, rue Breton
63784 Begue-les-Bains",TF,2004-05-25,19
Océane Schmitt,"97, chemin Cohen
32734 Joubertboeuf",TF,2004-08-19,38
Stéphane Durand-Wagner,"65, rue Diaz
84217 Courtois",TF,2006-10-19,8
Pauline Laporte,"904, rue Josette Courtois
77085 Marchal",1A,2005-07-19,6
Nath Lesage,"1, avenue de Blot
17756 Lecoq",1A,2005-08-02,28
William Coulon,"6, avenue de Briand
33733 Courtois-sur-Mer",1A,2004-06-18,12
Hugues-René Herve,"4, rue Neveu
13232 Sainte François",1A,2005-03-11,32
Christiane Guichard,"41, rue Roger
53801 Chevallier",1A,2006-06-17,31
Olivie de la Voisin,"62, boulevard Alix Diaz
41890 Le Goff-la-Forêt",1A,2005-07-12,32
Sophie Ferreira,"95, boulevard Dupre
30000 Saint Thibaultdan",1A,2004-09-29,42
Alice Dumas,"chemin Picard
72533 Peronnec",1A,2006-07-22,19
Élodie Pinto,"28, rue de Rousseau
47456 BernierBourg",1A,2004-09-25,6
Isabelle Bailly,"83, avenue de Huet
75724 GalletBourg",1A,2006-04-19,24
Martin Dufour-Leclerc,"rue Delannoy
58148 Pineau-sur-Guillou",1A,2004-09-06,26
Isabelle Bouvet,"54, avenue Rodriguez
88224 Sainte Isabelle",1A,2005-10-18,12
Isabelle Potier,"13, boulevard de Gimenez
69228 Remy",1A,2005-01-08,13
Marie Maillet Le Petitjean,"30, chemin de Ruiz
56780 Saint Tristan",1A,2006-04-12,40
Andrée du Hoareau,"975, chemin Roger Guillon
46590 Barbe",1A,2005-07-21,27
René Jean,"566, boulevard Perez
28676 Boucher",1A,2004-11-18,24
Bernard Grenier-Lamy,"boulevard Diane Chevallier
60856 MauriceVille",1A,2005-11-25,30
Bernard Fernandes,"99, boulevard Valérie Legendre
41149 Vidal-sur-Antoine",1A,2006-11-30,4
Agnès Delannoy,"9, chemin Gilbert Tanguy
72565 Vallet-la-Forêt",1B,2004-05-27,44
Paul du Vincent,"75, rue Marechal
23996 Sainte Océaneboeuf",1B,2005-01-19,25
Louise Pottier,"rue de Rousseau
86632 Perret",1B,2006-02-20,4
Susanne de la Carre,"45, boulevard de Boulay
39665 Breton",1B,2005-11-06,0
Bernadette Leroux-Blondel,"13, boulevard de Herve
77648 AugerVille",1B,2005-08-02,26
Brigitte Robert,"621, avenue Adrienne Dupont
03580 Sainte Luc",1B,2004-04-24,44
Charles Barthelemy de la Lebon,"70, rue de Faivre
28390 Bernard",1B,2006-10-27,11
Christophe Verdier du Riviere,"34, rue de Raynaud
69087 Saint Nathalie",1B,2006-01-13,9
Zacharie Breton du Remy,"78, chemin Véronique Arnaud
00996 Dos Santosdan",1B,2006-01-27,21
Manon Godard,"55, chemin Daniel Vasseur
57670 Picardnec",1C,2005-11-19,17
Luce Roussel,"9, chemin Remy
84526 Gilles",1C,2006-11-24,40
Suzanne Jacquot de Olivier,"25, avenue de Rodriguez
22971 Thierryboeuf",1C,2006-02-15,7
Georges de Blot,"4, rue Laurent Carre
17932 Weber-sur-Mer",1C,2006-04-04,15
Adrienne Dupuis de Seguin,"3, avenue de Joseph
09434 JourdanBourg",1C,2004-04-05,8
Guy Fernandes,"94, avenue de Leclercq
81084 Saint Georges",1C,2005-01-03,8
Victoire Pascal,"97, rue Jacquot
35333 Sainte AnneBourg",1C,2006-03-20,41
Philippine du Guyot,"14, rue Berger
22635 GerardBourg",1C,2004-04-23,18
Dorothée Garcia du Lambert,"6, boulevard de Briand
27593 Didierboeuf",1C,2005-06-11,9
Marie-Anne Guerin,"90, rue de Lejeune
23934 Delorme-sur-Collin",1C,2006-03-21,3
Capucine Gilbert de la Brunet,"68, rue de Masson
90597 Mary",1C,2006-09-06,37
Aurore Sauvage,"76, rue Valette
07407 Marchand",1C,2004-08-06,45
Gilbert-Nicolas Morin,"9, boulevard Pruvost
47935 Remy-sur-Clement",1C,2006-01-20,12
Sabine de Martel,"89, chemin de Pinto
05102 Vidalboeuf",1C,2004-06-22,38
Richard du Torres,"boulevard Noël Clement
92099 Barbe",1C,2005-07-11,10
Gabriel Michaud,"922, rue Jeanne Mercier
45446 Guillot",1C,2004-07-28,35
Françoise Vallee,"21, rue de Evrard
06495 Cousin-la-Forêt",1C,2004-09-15,45
Cécile Seguin,"rue Élodie Gerard
10848 Tanguy-sur-Mer",1C,2006-06-19,29
David Clerc-Payet,"28, rue de Traore
74577 Rousset",1C,2005-03-12,38
Philippe-Aimé Techer,"56, chemin Bourdon
61064 Delannoy",1C,2006-04-18,43
Valentine Traore du Olivier,"215, rue de Courtois
91017 Vasseur-les-Bains",1D,2006-01-20,2
Anouk Martel,"5, avenue Théophile Moreno
26939 Petit",1D,2004-12-31,6
Andrée Duval,"76, rue de Carlier
17860 Martin-sur-Munoz",1D,2006-05-29,21
Claudine Cousin-Gilles,"7, rue de Robin
43613 Gonzalez",1D,2005-10-07,34
Alexandre Boulay,"34, chemin Bernadette Pottier
24235 Bonneau",1D,2005-06-12,41
Chantal Wagner de la Jacob,"boulevard Valérie Costa
11593 Chevalier",1D,2004-04-24,2
Adrien Dupuis,"rue Benoît Pages
51088 Roussetnec",1D,2005-12-27,5
Sébastien Coulon de Hamel,"6, boulevard Payet
59077 Ramos",1D,2006-11-18,37
Laurence Bonnet du Gauthier,"5, avenue Thérèse Carre
66768 Vaillant",1D,2006-07-12,43
Guy de Aubry,"chemin de Petitjean
60970 Saint Patricia",1D,2006-07-18,10
Sabine Roussel,"boulevard Peltier
67179 Renaud-les-Bains",1D,2005-03-09,29
Alex Diallo,"boulevard de Legrand
00195 Vallet-sur-Roussel",1D,2004-05-25,43
Alexandre Pascal,"37, avenue Laurent
04123 Henryboeuf",1D,2006-11-05,24
Gilbert Prevost,"34, rue Arnaude Gomez
98353 Saint Dorothéeboeuf",1D,2005-09-09,22
Roger Guillou-Sanchez,"93, rue de Duval
74616 Wagnerdan",1D,2004-02-09,30
Théodore-Martin Le Roux,"chemin de Roux
28115 Leconte",1D,2005-02-24,34
Agnès de Bouvet,"3, chemin Voisin
51255 Sainte Michelledan",1D,2006-02-21,45
Guy Morel,"67, rue Valette
24898 Lefevre",1D,2005-02-26,19
Anouk Leclercq Le Francois,"44, boulevard Lemaire
27472 Saint Geneviève",1E,2004-10-18,23
Étienne-Gilles Roy,"boulevard Lefort
62890 Moulinboeuf",1E,2006-12-09,40
Nicolas de la Mallet,"4, rue Blin
83702 Camus-sur-Voisin",1E,2004-12-16,39
Juliette Arnaud,"200, rue Pierre
58715 Dupont",1E,2005-01-24,19
Valérie de Wagner,"22, rue Hortense Simon
23992 Pineaudan",1E,2005-11-07,20
Bertrand Hoareau,"917, rue Constance Normand
42595 Rocher",1E,2006-07-14,11
Dorothée Bernard,"91, rue Michèle Rolland
97837 Pereiraboeuf",1E,2007-01-03,37
Corinne-Bernadette Lamy,"48, rue de Gaudin
06184 Saint Valérie",1E,2006-03-01,42
Marcelle Martinez,"79, boulevard de Bigot
74052 Chauveau",1E,2005-02-06,36
Margot-Valérie Gerard,"boulevard Claude Leclerc
96042 Sainte Juliendan",1E,2006-10-26,6
Raymond Royer,"85, boulevard de Pages
35174 Boyer-sur-Martineau",1E,2004-11-15,2
Marthe Hebert,"chemin Marcelle Martin
18659 Sainte Jules",1E,2005-05-12,38
Alphonse Dumas,"10, rue de Moreno
32068 Bergerdan",1E,2005-01-03,31
Franck Hoarau,"39, chemin Pauline Paris
23942 Sainte EmmanuelVille",1E,2005-02-01,16
Luce Sanchez,"29, avenue Simone Coulon
85993 Pelletier-sur-Da Silva",1E,2005-05-07,25
Théophile Meunier de la Hoarau,"87, rue de Lacroix
81502 Sainte Corinne",1E,2004-12-18,14
Alexandria Techer-Maillet,"97, rue de Vallee
55829 Raymond-la-Forêt",1E,2005-01-22,3
Nicolas Godard,"116, rue Adèle Guillot
58520 Rogerdan",1E,2004-10-11,22
Pénélope Brunel,"52, rue Gilles Labbe
10450 Saint Mathilde-la-Forêt",1E,2004-05-07,35
André Payet,"99, rue Fernandez
07650 Gillet-sur-Richard",1F,2005-05-25,0
Eugène-Raymond Tanguy,"17, avenue Mahe
27602 Saint Élodienec",1F,2006-07-31,43
Édouard Lemaitre-Gregoire,"291, avenue de Martinez
22160 Lecomte-sur-Fontaine",1F,2005-11-25,41
Margot Turpin-Hamel,"4, chemin de Berthelot
85095 Lacroix",1F,2005-06-30,7
Célina Legrand,"rue Martin Garcia
01178 Guichard",1F,2006-11-23,23
Matthieu Traore-Lebrun,"380, rue de Le Goff
62943 Clementboeuf",1F,2005-08-13,7
Alfred Dumas,"85, rue Martine Picard
04760 Guillou",1F,2004-09-29,29
Margot Foucher-Gillet,"52, avenue de Herve
67932 Sainte Lucieboeuf",1F,2004-11-13,10
Audrey Hernandez,"64, rue Martinez
27188 Begue",1F,2004-04-13,13
Olivie Baudry,"33, boulevard Riou
52886 Brunel-la-Forêt",1F,2006-01-11,9
Chantal Tessier,"56, boulevard de Lucas
19960 Mary",1F,2006-09-11,2
Thibault Lelievre,"17, chemin de Lecomte
50037 Saint Jeanne-la-Forêt",1F,2006-10-08,16
Zoé Millet,"76, chemin Menard
90988 Michelnec",1F,2004-01-31,17
Augustin Ferrand,"8, boulevard de Duhamel
48893 Toussaint",2A,2005-11-14,34
Christiane Da Silva,"52, avenue Fernandez
45730 Blin",2A,2004-03-05,30
Gérard Le Ruiz,"96, rue Charrier
98906 Breton",2A,2006-01-23,12
Zacharie Millet,"boulevard Isaac Hoarau
48562 Alexandre",2A,2005-08-08,34
Émile De Oliveira,"rue de Girard
49922 Sainte Élise",2A,2005-01-14,26
Clémence du Boyer,"rue Hubert
83823 Delannoy",2A,2005-05-15,12
Marguerite-Alexandrie Germain,"avenue Poulain
96519 Chauvet",2A,2006-07-16,34
Isaac Blondel,"33, chemin Begue
61355 Collet",2A,2005-11-16,36
Étienne Descamps-Maillet,"3, chemin Guy Torres
14273 Saint Lucie",2A,2004-01-17,11
Lucy Gaudin de Gay,"76, rue Millet
57172 Descamps",2A,2004-07-10,15
Sylvie Garnier,"99, rue de Blin
69279 Lemaitre-sur-Colin",2A,2005-04-18,30
Grégoire Pruvost,"58, avenue Alexandre Pichon
81430 LerouxVille",2A,2005-01-29,29
Yves Mace du Bouvier,"chemin Noel
22765 Sainte Maggie-les-Bains",2A,2006-10-24,40
Claudine Dupuis,"676, avenue Blanchet
17304 RenaudBourg",2A,2006-08-05,38
Charles Dumont,"avenue de Guillaume
71782 Hernandez",2A,2006-10-09,17
Jeanne Meyer,"342, chemin Augustin Dias
64592 Maillot",2B,2006-10-12,40
Jeanne Labbe,"99, chemin Brigitte Reynaud
16091 Pelletierdan",2B,2005-12-03,9
Louis Deschamps,"75, rue Claire Boulay
23649 Fabreboeuf",2B,2004-03-16,29
Christiane Martins de la Ribeiro,"51, rue Marine Leclercq
34088 Perrot",2B,2004-09-12,0
Paulette Vincent-Olivier,"85, rue de Dos Santos
26403 Meuniernec",2B,2004-09-17,23
Lucas-Martin Caron,"26, chemin de Jacob
63087 Valettedan",2B,2005-06-09,13
Constance de la Lebreton,"88, avenue de Lucas
93023 Fleury-la-Forêt",2B,2004-11-19,22
Luce Gosselin,"73, avenue Garcia
39913 Ollivier",2B,2004-11-03,33
Daniel Lebon,"68, rue de Besson
07072 Dias-sur-Jacob",2B,2006-06-24,7
Adélaïde du Muller,"boulevard de Laine
48547 Renaud",2B,2006-09-04,45
Théophile Remy,"79, rue Nathalie Rey
78745 Traore",2B,2006-05-04,12
Manon Louis,"53, rue de Verdier
55684 Launay",2B,2004-09-08,16
Françoise Mary,"11, avenue Arthur Lamy
73106 Saint Sylvie",2C,2006-01-13,8
Isaac Ramos,"4, avenue Noël Guerin
34990 Lemoine",2C,2005-12-13,4
Maryse Muller,"944, boulevard Bernard
96784 Jean",2C,2004-03-10,35
Émile du Hoareau,"46, rue Chevalier
95343 Guyotnec",2C,2004-02-24,23
Josette Bouchet de la Durand,"rue de Julien
62189 Saint Thomas-sur-Mer",2C,2004-12-19,41
Thomas Le Goff,"boulevard David
54580 Picard",2C,2004-09-28,19
Christiane du Aubert,"512, chemin Susanne Leclerc
01308 Pierre-les-Bains",2C,2006-10-20,13
Victoire Verdier,"9, chemin de Dumont
75090 Saint Nath",2C,2004-07-29,26
Adrienne Le Gall-Carpentier,"8, chemin Mathilde De Oliveira
14229 WagnerVille",2C,2004-12-20,3
Françoise Blanchet-Duval,"587, rue de Rodrigues
64635 Munoz",2C,2006-05-04,17
Gilbert Marchal,"419, rue Suzanne Moulin
52166 Gimenez",2C,2006-08-22,18
Manon Gosselin,"22, boulevard Fontaine
24769 Chevallier",2C,2006-03-12,6
Adèle Prevost,"10, boulevard Émilie Salmon
69038 Lagarde-la-Forêt",2C,2006-05-05,40
Stéphane Buisson,"boulevard Courtois
53442 Guilletboeuf",2C,2005-05-28,1
Joseph-Georges Lebon,"39, rue Gabrielle Bousquet
21137 Baron-la-Forêt",2C,2004-07-21,18
Guy Nguyen,"66, rue Guillot
94506 Mendesdan",2C,2006-01-31,21
Maurice Clerc,"rue de Da Silva
81421 Philippe",2C,2006-09-20,19
David Prevost,"24, rue Paul Pierre
70071 Gros-sur-Meyer",2C,2004-04-21,18
Christelle Charles,"57, rue Marguerite Marchand
10921 Coste-sur-Buisson",2C,2005-05-08,28
Alix Garnier,"8, avenue de Guillou
26451 Rey",2C,2005-03-05,13
Mathilde-Audrey Leleu,"75, chemin de Giraud
87697 Saint Odette",2C,2006-02-24,39
Anne Lefebvre,"boulevard Renée Bailly
96654 Collet-sur-Bernard",2D,2007-01-04,37
Catherine Becker de Menard,"316, rue De Oliveira
01347 Michaudboeuf",2D,2006-11-06,41
Anouk Le Bourgeois,"boulevard de Duval
67826 Delaunay",2D,2004-12-22,3
Gilbert Traore,"56, rue de Aubry
88942 AdamBourg",2D,2005-08-26,27
Guillaume du Legrand,"29, avenue Marechal
12232 Noel-sur-Mer",2D,2005-02-09,1
Richard Boutin,"23, boulevard Véronique Alexandre
50357 Besson-sur-Mer",2D,2006-02-27,4
Lucas Vidal,"89, rue de Maury
54779 Leduc",2D,2006-01-16,11
Noël Dufour,"362, rue Pierre Seguin
00306 Hernandez",2D,2004-11-11,14
Alexandre Caron,"8, chemin de Le Gall
97252 Salmondan",2D,2004-11-14,27
Jacques Delorme,"310, avenue de Lopez
00373 Da Silva",2D,2004-10-23,41
Pauline-Madeleine Paul,"79, rue Philippe Guillot
86206 Dias-sur-Mer",2D,2004-10-08,6
Patricia Levy,"42, chemin de Dias
65401 Lefevre",2D,2004-08-20,0
Franck Le Auger,"85, rue de Begue
49857 Reynec",2D,2005-05-05,30
Jacques Raymond,"30, rue de Navarro
45550 Carre-sur-Garcia",2D,2004-08-26,42
Claire Moreno,"218, avenue William Laroche
00220 Marchand-sur-Mace",2D,2005-06-09,9
Alexandre Carre du Legros,"41, rue Michel Raymond
31418 Sainte Nicole",2D,2006-10-07,4
Auguste Paris,"165, rue de Leclerc
33650 BertinBourg",2D,2006-11-24,21
Margaud Roussel de Sauvage,"22, chemin Élise Lacroix
34881 Sainte Caroline",2D,2004-08-12,13
daisy Leroy,"37, rue Bouchet
57439 Saint Olivie",2E,2006-12-10,43
Raymond Lucas-Girard,"199, chemin Matthieu Poulain
13695 Rossi",2E,2006-06-08,16
Sylvie de la Foucher,"5, boulevard de Pages
96360 Bailly",2E,2005-02-03,24
Clémence Charles,"87, boulevard de Charles
27502 Bonnet",2E,2004-12-07,21
Thérèse de Pierre,"3, boulevard Pierre
98838 Leclercq-les-Bains",2E,2006-09-15,18
Marc Muller,"70, chemin Julien Devaux
66105 Jacques",2E,2004-10-08,3
Marcel Legros,"62, rue de Marchal
52884 Lagarde-la-Forêt",2E,2004-04-23,42
Benjamin Cohen,"6, rue Margaud Baudry
47224 Jacob",2E,2006-08-07,40
Clémence du Gilbert,"boulevard de Monnier
06582 Auger",2E,2005-11-29,8
Tristan de la Lemonnier,"784, rue de Perez
25052 Colin",2E,2005-06-02,12
Jules Hamon,"37, boulevard Rocher
83964 RodriguezVille",2E,2006-07-16,42
Juliette Chauvet,"boulevard de Begue
78617 Gros",2F,2006-02-25,23
Patrick Lebon,"3, rue de Regnier
99997 Michel-la-Forêt",2F,2004-08-10,43
Joséphine Giraud,"13, rue de Marchand
99369 Alvesboeuf",2F,2004-05-07,17
Alex Mendes,"7, rue Jacques Grondin
38932 Petit",2F,2004-04-15,40
Benjamin Allain,"6, avenue Stéphanie Pottier
00731 Barre-sur-Morel",2F,2005-04-03,18
Antoinette Lefebvre Le Roche,"51, rue Schmitt
00791 Dupuis-sur-Chauvin",2F,2004-10-12,19
Arnaude Lopez,"48, boulevard Le Gall
00085 Saint Laurence-les-Bains",2F,2006-02-03,32
Roland Klein,"456, rue Pires
57408 Sainte Élise",2F,2006-11-29,9
Michel Poulain,"1, chemin Marguerite Bouvier
58369 Saint Victoire",2F,2005-08-05,26
William Giraud,"1, avenue de Munoz
08470 Brun",2F,2006-07-06,3
Pierre-Alexandre Maury,"44, chemin Jeanne Langlois
06335 Saint Anaïs",2F,2006-10-11,9
Stéphane de Bailly,"53, rue Navarro
77229 Saint Édouard-les-Bains",2F,2006-04-12,14
Inès Royer,"7, chemin Louis Descamps
03560 Sainte JulieBourg",2F,2005-02-23,44
Vincent-Henri Thomas,"32, boulevard Diane Georges
03138 Lemaire-les-Bains",2F,2006-07-09,40
Bertrand Dufour,"54, avenue de Delaunay
95534 GregoireVille",2F,2006-05-24,13
Guillaume Seguin,"66, rue François Pineau
86601 Deschampsnec",2F,2004-08-05,6
David Simon de la Fontaine,"420, avenue Charles
60974 Collin-sur-Riviere",2G,2005-04-01,14
Gilles Turpin de Pascal,"3, rue Lecoq
28721 Jacquet",2G,2004-03-15,0
Margot de la Guichard,"61, chemin François Philippe
82383 Sainte Jeanninenec",2G,2005-12-15,44
Suzanne Perrin-Peltier,"11, boulevard Didier
92581 Saint Susannec",2G,2004-04-28,29
Pierre Mace,"boulevard Eugène Renault
92678 BergerBourg",2G,2006-12-19,35
Louis Le Bruneau,"839, boulevard Prevost
63663 Denisdan",2G,2004-04-28,36
Guy Vallet,"99, boulevard de Hamon
80007 CoulonBourg",2G,2006-11-10,33
Luce Charpentier,"781, avenue Christiane Blondel
05563 Vasseur-sur-Bigot",2G,2005-02-07,34
Jules-Gabriel Olivier,"24, boulevard de Salmon
99094 Deschamps",2G,2004-10-27,23
Astrid Marty,"49, rue de Pons
37239 Sainte Anne",2G,2006-09-19,10
Marthe Meyer,"39, rue de Lagarde
87841 Saint Denis",2G,2006-08-05,31
Suzanne de la Thibault,"63, boulevard Sébastien Bouvet
77111 Sainte Dorothéedan",2G,2004-06-15,39
Adélaïde Hoarau,"67, boulevard Françoise Lejeune
68317 Morenodan",2G,2006-03-29,44
Victoire De Oliveira,"1, rue Godard
32981 Peron-sur-Mer",2G,2006-09-25,43
Bertrand Collin,"11, rue Brun
56383 Baudrydan",2G,2006-02-09,41
Denise Joseph,"5, rue Thierry Dos Santos
82850 Gillet",2G,2005-01-17,1
Anaïs Denis,"18, avenue Patricia Daniel
97616 Boulanger",2H,2006-08-16,1
Adèle Morel de Seguin,"10, chemin Lebon
03205 Guichard-sur-Descamps",2H,2004-06-10,26
Chantal Klein,"avenue de David
76592 Saint Christianeboeuf",2H,2005-06-02,16
Anouk Marques,"35, rue de Blanchet
90317 Diallodan",2H,2005-06-26,19
Susanne Poirier,"chemin de Cohen
16549 Fernandes",2H,2004-03-16,44
Nicole Dumont,"87, avenue de Fabre
05975 Sainte Hugues",2H,2006-11-22,14
Frédéric Torres,"5, rue Margaret Lamy
87718 Sainte Alexandria",2H,2004-03-02,26
Olivie Leclerc,"73, boulevard Henriette Allain
18898 Saint Frédéric",2H,2004-03-21,22
Agnès Gerard,"92, avenue Émilie Mallet
05826 Guillonboeuf",2H,2006-11-14,22
Julie Samson,"829, rue de Benoit
69187 Guerin-sur-Renard",2H,2006-04-25,44
Xavier Raynaud,"99, avenue de Raymond
26087 Leger",2H,2004-02-19,13
Timothée Baron,"680, rue Chauvin
32404 Gautier-les-Bains",2H,2005-11-17,22
Richard Durand,"417, rue De Oliveira
40676 Giraud-sur-Lebon",2H,2006-02-20,18
Margaret Etienne,"603, avenue Couturier
75798 Brundan",2H,2006-03-26,34
Laure Colin,"44, boulevard Bouvier
57440 Marechal",2H,2004-04-30,43
Frédéric Richard,"24, rue Renaud
60728 Fernandes",2I,2006-10-09,45
Paulette Laurent,"65, rue Valérie Andre
72892 Guillaume-sur-Mer",2I,2005-07-13,30
Audrey Girard-Collet,"rue Isaac Herve
08334 Leclercqdan",2I,2006-11-30,28
Agnès Jacques,"chemin Leger
99185 MorenoVille",2I,2005-08-01,28
Vincent du Arnaud,"95, chemin de Lelievre
94743 BlotBourg",2I,2004-11-13,0
Adrien Morin-Cohen,"boulevard Jeannine Fontaine
37261 MartinsVille",2I,2004-11-29,21
Alexandre Dupre,"158, boulevard Bertrand
53181 Boulanger",2I,2004-09-18,17
Georges Cohen de Riou,"73, rue de Ruiz
40286 Boutin",2I,2004-10-04,16
Emmanuelle-Dominique Mahe,"3, boulevard de Fernandes
36084 Hebert",2I,2005-04-05,38
Anastasie Remy de Morel,"boulevard Petit
12652 Hamel",2I,2004-04-08,19
Frédérique-Alexandria Marty,"18, avenue Marguerite Renard
37335 Paul",2I,2004-02-04,28
Madeleine Labbe du Gillet,"93, boulevard de Sauvage
85933 Saint Hélène",2I,2004-10-01,42
Odette Pons-Roussel,"8, boulevard Menard
35358 Sainte Benjamin",2I,2005-05-14,17
Pierre Morel,"28, rue de Adam
43176 Marchal-les-Bains",2I,2006-08-04,32
Alix de Colin,"59, boulevard Valentine Lesage
98516 Julien",2I,2005-11-05,42
Alexandre-Thomas Leleu,"665, boulevard Thierry Fouquet
95692 Muller",2I,2006-07-25,29
Alexandre Pinto,"10, boulevard de Schneider
29142 Sainte Noël-la-Forêt",2I,2006-11-23,28
Bertrand Pelletier,"709, rue de Lemoine
49538 Saint Thibault",2J,2004-05-25,20
Auguste-Augustin Renault,"47, rue de Paul
64315 Briand-sur-Mer",2J,2004-06-27,1
Mathilde du Merle,"24, rue de Chauvet
66996 Giraud-la-Forêt",2J,2005-04-18,19
Denise Pasquier,"6, avenue Bonnin
15649 Perretdan",2J,2004-06-28,36
Théodore Rocher,"4, rue Julien
88966 Godardnec",2J,2004-12-23,1
Thierry Robin,"63, rue Élisabeth Levy
88144 Perez",2J,2006-10-04,32
Roger Mathieu,"46, rue Lorraine Leveque
01281 Saint Josette",2J,2006-08-26,35
Joseph Hubert,"5, rue de Boucher
60996 Sainte Noël",2J,2006-09-23,25
Jean Toussaint,"55, avenue Christine Lefevre
87745 Sainte Suzanne-la-Forêt",2J,2005-07-30,2
Bertrand Robin,"23, boulevard Couturier
90970 Vaillant",2J,2006-07-22,35
Nath Coste-Huet,"14, avenue Colin
58785 Saint Édouard",2J,2005-07-22,0
Tristan Payet,"91, rue Michaud
23580 Descamps",2J,2005-03-15,19
Thierry Morvan,"1, chemin de Lelievre
27691 Sainte Lucie",2J,2004-06-22,43
Raymond Jourdan-Poirier,"46, rue de Pichon
64019 Marchal",TA,2005-11-25,36
Zacharie Raymond,"71, rue Virginie Chauvin
34039 Guyon",TA,2004-02-21,29
Lucas Fabre,"94, chemin Durand
94254 Normand",TA,2004-04-14,0
Agathe Dumas de Joubert,"751, boulevard Valérie Laurent
51067 Maury",TA,2005-12-16,15
Jacques Richard-Hoarau,"92, avenue de Pottier
21486 Potierboeuf",TA,2005-02-12,23
Denis Briand,"772, boulevard Jean Pages
12221 Rodrigues",TB,2006-04-03,28
Élodie Lefevre,"53, rue Dijoux
24226 Courtoisboeuf",TB,2005-11-08,2
Bernard-Lucas Deschamps,"48, boulevard Philippe Valette
81712 Brunel-sur-Ferrand",TB,2004-11-09,16
Gabrielle Maillot-Foucher,"48, avenue Mathieu
77180 Fournier-sur-Payet",TB,2004-04-07,27
Antoinette Roche,"88, boulevard de Rossi
23400 Clement",TB,2004-03-02,24
Andrée Lecoq du Marques,"avenue de Levy
89704 Fouquet",TB,2005-04-13,8
Joséphine Mahe,"43, avenue Luce Gaillard
36508 Blanchet-sur-Germain",TB,2004-01-26,7
Marcel Pruvost-Antoine,"85, boulevard Ruiz
72587 Buisson",TB,2005-08-01,8
Éric-Tristan Delmas,"34, rue de Rocher
01229 Roche",TB,2005-12-29,43
Sophie Grondin,"4, boulevard Clémence Hoareau
88142 Guerinboeuf",TB,2004-03-09,12
Matthieu Toussaint,"12, avenue Leveque
32568 Mathieu-les-Bains",TB,2004-05-14,24
Sébastien Delattre-Millet,"6, rue Carre
97905 Dos Santos-sur-Wagner",TB,2006-10-08,6
Michelle-Sabine Hardy,"chemin Riviere
57855 Aubert",TB,2005-07-21,3
Paul Mace,"54, rue Faivre
23268 Pages",TB,2005-03-27,34
Manon Gomes-Deschamps,"chemin Renaud
05485 Sainte Adèle",TB,2006-03-14,43
Anouk Ferreira,"4, rue Potier
34604 Sainte AnaïsVille",TB,2004-01-25,10
Céline Lemoine-Chevalier,"11, boulevard Francois
31328 Coste",TB,2005-04-28,11
Victor de la Monnier,"2, rue Lacroix
43326 Benoit-les-Bains",TB,2006-08-29,23
Benjamin Chretien,"boulevard de Hebert
49129 Boulay",TB,2004-08-11,36
Véronique Marie,"95, chemin de Vasseur
65206 Vaillant",TC,2004-03-31,16
Georges Francois,"52, chemin Astrid Besson
99601 Saint Audrey",TC,2006-09-20,40
Jules Toussaint,"5, chemin Augustin Perez
24849 Levy-les-Bains",TC,2005-08-02,27
Émile Marechal,"chemin de Benard
24090 Guibert-sur-Picard",TC,2004-08-30,43
Timothée Lefort,"2, rue Paul Le Roux
97230 Sainte Pénélope",TC,2004-05-06,37
Corinne Lacombe,"239, avenue de Letellier
14249 De Oliveira",TC,2006-08-24,13
René Delannoy,"356, chemin Nicolas
16413 Andre-la-Forêt",TC,2004-02-22,7
Geneviève Charles,"2, boulevard Jeanne Carre
71225 Faure",TC,2005-12-04,39
Robert Simon,"380, rue Bernard Prevost
66923 Saint Vincentnec",TC,2006-09-23,8
Gilles-Daniel Delattre,"rue Remy
20794 Maurice",TC,2006-05-25,18
Pauline Teixeira,"254, boulevard Élise Ramos
17903 Barre",TC,2005-05-06,43
Antoinette de Jacquet,"68, boulevard Leveque
38282 Labbe",TC,2006-08-10,31
Patrick Bernier,"rue de Humbert
81475 Gimeneznec",TC,2004-06-14,19
Constance Gauthier-Grondin,"3, chemin Astrid Coulon
64026 Evrard",TC,2006-01-30,11
Alexandre Cousin,"44, rue Imbert
58801 Reynaud",TC,2004-08-11,2
Michelle Moulin,"rue Barthelemy
13300 Perez",TC,2005-02-17,28
Lorraine Pereira,"48, rue de Petit
49017 Sainte Nath",TC,2006-01-30,24
Brigitte Foucher,"boulevard Olivie Leduc
44229 Laurent",TC,2005-02-16,19
Marianne Benoit,"62, avenue Noël Torres
66682 Blondelboeuf",TD,2004-03-11,24
Matthieu du Cohen,"20, boulevard Gay
83715 Hoareau-sur-Delorme",TD,2006-01-03,17
François Collet-Bonneau,"237, chemin Olivier
62621 Diaz",TD,2004-09-21,27
Alex Ruiz-Andre,"603, rue Turpin
43168 Lagarde",TD,2005-12-20,13
Gilbert Pires,"564, rue de Aubry
56111 Garnier",TD,2006-10-02,31
Emmanuel Gilbert,"628, boulevard de Leclerc
07000 Lelievre",TD,2006-05-01,21
Maryse Baudry,"rue Dos Santos
71039 Chartier",TD,2005-09-06,0
Thierry Lefebvre,"rue Maurice
72452 Tessier",TD,2004-03-29,33
Jules Weiss,"37, rue De Sousa
27719 Pierre",TD,2006-02-26,17
Michelle Klein,"72, chemin de Millet
90426 Regnier-sur-Coste",TD,2006-05-16,29
Alix Leveque,"52, rue Véronique Merle
42978 Hoarau",TD,2004-05-15,17
Lucas Carre-Antoine,"401, boulevard Adélaïde Becker
62211 Saint Grégoire-sur-Mer",TD,2006-01-30,17
Sébastien Rodriguez,"54, chemin Stéphanie Martinez
29888 Sainte Laetitiadan",TD,2005-07-26,24
Jacques Guillou-Joseph,"544, boulevard de Pires
87619 MarchandBourg",TD,2005-05-14,9
Georges Mallet,"78, boulevard de Gallet
23708 Sainte Suzanne",TD,2006-08-04,31
Inès Weiss,"346, chemin de Hernandez
90304 WagnerBourg",TD,2005-09-08,19
Capucine Perrier,"785, rue Clémence Mathieu
81136 Sainte Élise",TE,2005-11-12,4
Nicole-Michèle Etienne,"257, avenue de Gilles
62137 Lacroixnec",TE,2006-04-20,10
Zoé Gosselin,"43, boulevard Albert
92430 Saint Léonnec",TE,2004-04-14,17
Lucy Hoareau,"279, boulevard Benoit
78837 Marchand-sur-Giraud",TE,2006-02-20,0
Maryse Guibert-Fleury,"69, rue de Leconte
27559 Richard",TE,2006-10-07,9
Élise Leclerc,"7, rue Gilbert
12050 Sainte Alexandria",TE,2005-12-06,12
Virginie Ramos,"47, avenue Cécile Fournier
16304 Mary-la-Forêt",TE,2005-09-11,34
Gérard Da Costa,"88, avenue Lucas
79311 Delorme-sur-Denis",TE,2005-06-16,1
Colette de Robert,"rue Henri Lejeune
97475 Menard-la-Forêt",TE,2006-05-03,7
Émilie Marques-Lambert,"9, boulevard Gauthier
58814 Pelletier",TE,2005-06-15,39
Laetitia Klein,"rue Luce Colas
76220 Regnier",TE,2006-05-28,38
Michelle Godard-Roussel,"boulevard Baudry
79018 Andre",TE,2006-06-12,12
Édith Valette,"boulevard Alexandre Georges
09400 Girard-les-Bains",TE,2005-04-06,34
Virginie Gautier,"50, boulevard Agnès David
39597 Maillard",TE,2006-05-28,34
Brigitte Guyot,"173, chemin Toussaint
82855 Auger",TE,2006-05-17,42
Adrienne Le Goff,"99, boulevard Claude Delaunay
04618 Gosselin-sur-Lambert",TE,2006-02-25,34
Sébastien Rolland-Lopes,"boulevard de Berthelot
75687 Saint Thierrynec",TE,2005-04-26,1
Constance Gregoire,"7, rue de Valette
12107 Camus-sur-Hamel",TF,2006-10-09,36
Juliette Chartier,"610, chemin Adèle Ramos
85001 Ferreira",TF,2005-09-20,43
Isaac Weber-Faivre,"avenue Gilles Bouvet
26843 Leger-la-Forêt",TF,2004-02-03,0
Patricia Diallo,"575, rue Gilles Lecoq
87500 Saint Georgesboeuf",TF,2005-05-08,12
Andrée-Diane Leleu,"31, rue Laurent
87837 Ribeiroboeuf",TF,2006-01-19,7
Sébastien Toussaint,"84, boulevard Meunier
80521 Samson",TF,2004-07-06,27
Zoé Riou,"69, rue Denise Valette
73531 Techer-sur-Mer",TF,2005-12-23,38
Pénélope Laine,"73, rue Leblanc
40100 Coulon",TF,2004-12-14,34
David-Honoré Etienne,"48, chemin de Lopez
40138 Dubois",TF,2004-12-24,7
Julien Baron,"482, rue Brigitte Didier
07803 Saint Maurice",TF,2005-09-29,7
Grégoire Laroche,"21, rue Duhamel
74493 Tessier-les-Bains",TF,2004-11-18,25
Corinne Moreno,"3, avenue Antoine Pruvost
27345 Fabre",TF,2005-07-12,18
Sophie Traore,"575, avenue Manon Garcia
70185 Rodriguez",TF,2005-01-26,17
Céline Boucher Le Bourdon,"7, boulevard Gerard
07983 Saint Inès",TF,2006-02-18,0
