nom,prénom,age,profession,salaire
Marechal,Jacques,45,technicien de fabrication de mobilier et de menuiserie,3176
Charles,Théodore,27,botaniste,2136
Berger,Paulette,53,ingénieur en énergie solaire,3357
Imbert,Diane,27,chargé de recherche en acoustique musicale,1770
Rolland,Marine,45,trader,2104
Legros,Martine,28,chef de chantier en installations électriques,2508
Guillet,Nath,55,collecteur de fonds,3066
Lamy,André,46,illustrateur,1836
Didier,Pauline,41,géographe,2764
Benard,Madeleine,33,professeur de collège et de lycée,1568
Jean,Frédéric,54,architecte d'intérieur,2819
Clerc,Michelle,29,styliste,1257
Menard,Frédérique,44,manipulateur en électroradiologie médicale,2104
Sauvage,Jean,41,directeur artistique,2826
Leger,Patricia,54,sociologue,1371
Philippe,Brigitte,37,conducteur de machines à papier,1274
Le Gall,Suzanne,52,guichetier,2400
Bourdon,Édouard,31,éducateur de la protection judiciaire de la jeunesse (PJJ),2826
Bousquet,Sylvie,52,commerçant en alimentation,2236
Pierre,Jacqueline,38,soudeur,2351
Perrin,Isaac,52,ingénieur frigoriste,1375
Berthelot,Brigitte,50,webdesigner,1937
Benard,Audrey,52,ouvrier plasturgiste,2933
Dos Santos,Victor,54,opérateur prépresse,3467
Albert,Isabelle,33,consultant en systèmes d'information,1384
Lebon,Maryse,33,salesman,1594
Delorme,Denise,39,aide-soignant,1790
Vallee,Augustin,51,directeur d'office de tourisme,2784
Vallet,Alain,29,médiateur familial familiale,2697
Bernard,Suzanne,26,géochimiste,2775
Martins,René,51,domoticien,2435
Guillou,Valérie,46,responsable de réseau d'assainissement,2399
Barbier,Honoré,36,technicien en métrologie,3341
Meunier,Gabrielle,41,consultant,1221
Maillard,François,31,ingénieur opticien opticienne,2748
Leblanc,Emmanuelle,26,agriculteur,2666
Boucher,Jean,28,technicien électrotechnicien électrotechnicienne,1934
Jacquot,Alex,35,data manager,1504
Gallet,Marguerite,52,responsable d'élevage agricole,1348
Lagarde,Dorothée,47,machiniste-constructeur ou plateau,2399
Hoareau,Laure,52,réceptionniste,2169
Marchal,Auguste,36,enquêteur privé privée,3273
Traore,Georges,32,ingénieur aromaticien aromaticienne,3013
Louis,Anne,28,microbiologiste,3422
Godard,Théodore,43,agent de propreté et d'hygiène,1524
Pires,Victoire,45,régleur,1430
Peltier,Alix,52,enseignant d'art,1642
Langlois,Georges,39,ingénieur environnement et risques industriels,2660
Techer,Marie,51,analyste de crédit,1421
Benoit,Louis,45,géochimiste,1736
Aubry,Joséphine,42,chef de mission humanitaire,2647
Bourgeois,Michèle,53,ingénieur production dans les biotechnologies,2202
Pelletier,Mathilde,34,documentaliste,3049
Rocher,Charles,42,responsable approvisionnement,2068
Buisson,Daniel,38,masseur,3192
Gallet,Julien,40,juge des contentieux de la protection,1589
Lefort,Roger,29,étalagiste,3198
Hoareau,Claude,55,programmiste,2047
Noel,Manon,47,bactériologiste,2910
Vallet,Colette,36,chargé de communication interne,1636
Hernandez,Aimé,25,technicien en traitement des déchets,1368
Duval,Manon,44,hydrogéologue,2964
Michel,Joseph,45,télévendeur,1413
Pinto,Marianne,36,ingénieur en métrologie,1423
Martinez,Suzanne,35,enseignant-chercheur,2053
Mary,Augustin,45,restaurateur d'oeuvres d'art,2880
Lambert,Sylvie,32,expert en sécurité informatique,2674
Mace,Zacharie,36,ingénieur en imagerie médicale,2353
Marion,Michelle,52,conducteur d'engins forestiers de récolte en entreprises de travaux forestiers,1325
Vidal,Stéphanie,31,médecin spécialiste,3223
Gomes,Alfred,52,chef de fabrication des industries graphiques,3337
Aubry,Julien,53,ingénieur traitement de l'image,3302
Gallet,Monique,32,soigneur d'animaux,2722
Charpentier,Yves,46,technicien en métrologie,2006
Lopes,Denis,48,agent de propreté et d'hygiène,3077
Da Silva,Adrien,25,femme de chambre,2197
Gosselin,Gabriel,42,contrôleur de gestion,2074
Morvan,Alix,29,conseiller en séjour,2644
Maury,Stéphanie,54,entraîneur de chevaux,2360
Delahaye,Henriette,31,gardien de la paix,3110
Le Gall,Élise,51,technico-commercial en agroalimentaire,1582
Regnier,Benoît,52,anatomiste,2130
Vincent,Augustin,43,ingénieur de recherche clinique et épidémiologique,1570
Morel,Michelle,47,inspecteur du permis de conduire et de la sécurité routière,2793
Paul,Alexandre,27,technicien des industries du verre,2984
Andre,Émilie,29,matelot de la Marine Nationale,2578
Dubois,Alfred,48,agent de constatation des douanes,3461
Lecomte,Gabrielle,34,facteur d'instruments,2024
Jourdan,Nathalie,31,climatologue,1964
Pruvost,Patrick,31,généticien,2203
Giraud,René,36,médecin de secours en montagne,1972
Bourdon,Inès,47,batelier,1680
Gomes,Hugues,55,inséminateur,2693
Chauvin,Caroline,46,audioprothésiste,3434
Hardy,Louis,36,diététicien,3372
Mendes,Simone,27,éducateur sportif sportive,2195
Dubois,Suzanne,31,ingénieur frigoriste,2539
Riviere,Dorothée,50,régisseur de spectacles,2098
Roussel,Céline,32,maquettiste,1772
Dufour,Philippine,55,ingénieur brevets,1853
